{"v":"5.7.3","fr":25,"ip":0,"op":200,"w":1080,"h":1080,"nm":"coming soon ilustration","ddd":0,"assets":[{"id":"comp_0","layers":[{"ddd":0,"ind":1,"ty":4,"nm":"Shape Layer 1","td":1,"sr":1,"ks":{"o":{"a":0,"k":100,"ix":11},"r":{"a":0,"k":0,"ix":10},"p":{"a":0,"k":[540,540,0],"ix":2},"a":{"a":0,"k":[0,0,0],"ix":1},"s":{"a":0,"k":[100,100,100],"ix":6}},"ao":0,"shapes":[{"ty":"gr","it":[{"ty":"rc","d":1,"s":{"a":0,"k":[1080,1080],"ix":2},"p":{"a":0,"k":[0,0],"ix":3},"r":{"a":0,"k":0,"ix":4},"nm":"Rectangle Path 1","mn":"ADBE Vector Shape - Rect","hd":false},{"ty":"fl","c":{"a":0,"k":[1,1,1,1],"ix":4},"o":{"a":0,"k":100,"ix":5},"r":1,"bm":0,"nm":"Fill 1","mn":"ADBE Vector Graphic - Fill","hd":false},{"ty":"tr","p":{"a":0,"k":[-223.141,39.133],"ix":2},"a":{"a":0,"k":[0,0],"ix":1},"s":{"a":0,"k":[35.686,15.283],"ix":3},"r":{"a":0,"k":0,"ix":6},"o":{"a":0,"k":100,"ix":7},"sk":{"a":0,"k":0,"ix":4},"sa":{"a":0,"k":0,"ix":5},"nm":"Transform"}],"nm":"Rectangle 1","np":3,"cix":2,"bm":0,"ix":1,"mn":"ADBE Vector Group","hd":false}],"ip":0,"op":250,"st":0,"bm":0},{"ddd":0,"ind":2,"ty":4,"nm":"coming soon Outlines","tt":1,"sr":1,"ks":{"o":{"a":0,"k":100,"ix":11},"r":{"a":0,"k":0,"ix":10},"p":{"a":1,"k":[{"i":{"x":0.223,"y":1},"o":{"x":0.836,"y":0},"t":4,"s":[840,568,0],"to":[-56.333,0,0],"ti":[56.333,0,0]},{"i":{"x":0.667,"y":1},"o":{"x":0.333,"y":0},"t":34,"s":[502,568,0],"to":[0,0,0],"ti":[0,0,0]},{"t":157,"s":[840,568,0]}],"ix":2},"a":{"a":0,"k":[0,0,0],"ix":1},"s":{"a":0,"k":[73.296,73.296,100],"ix":6}},"ao":0,"shapes":[{"ty":"gr","it":[{"ind":0,"ty":"sh","ix":1,"ks":{"a":0,"k":{"i":[[-20.345,0],[-4.136,10.508],[0,0],[4.919,0],[0,9.39],[-7.378,0],[-2.906,-5.701],[0,0],[13.75,0],[0,-18.221]],"o":[[13.75,0],[0,0],[-2.906,5.701],[-7.378,0],[0,-9.166],[4.919,0],[0,0],[-4.136,-10.508],[-20.345,0],[0,18.445]],"v":[[-409.541,1.006],[-381.148,-15.65],[-397.58,-24.034],[-409.653,-15.874],[-422.844,-30.406],[-409.653,-44.714],[-397.58,-36.554],[-381.148,-44.938],[-409.541,-61.594],[-444.307,-30.406]],"c":true},"ix":2},"nm":"c","mn":"ADBE Vector Shape - Group","hd":false},{"ty":"fl","c":{"a":0,"k":[0,0.662750004787,0.61568998449,1],"ix":4},"o":{"a":0,"k":100,"ix":5},"r":1,"bm":0,"nm":"Fill 1","mn":"ADBE Vector Graphic - Fill","hd":false},{"ty":"tr","p":{"a":0,"k":[0,0],"ix":2},"a":{"a":0,"k":[0,0],"ix":1},"s":{"a":0,"k":[100,100],"ix":3},"r":{"a":0,"k":0,"ix":6},"o":{"a":0,"k":100,"ix":7},"sk":{"a":0,"k":0,"ix":4},"sa":{"a":0,"k":0,"ix":5},"nm":"Transform"}],"nm":"c","np":3,"cix":2,"bm":0,"ix":1,"mn":"ADBE Vector Group","hd":false},{"ty":"gr","it":[{"ind":0,"ty":"sh","ix":1,"ks":{"a":0,"k":{"i":[[-19.786,0],[0,18.333],[20.01,0],[0,-18.221]],"o":[[20.01,0],[0,-18.221],[-19.786,0],[0,18.333]],"v":[[-343.833,1.006],[-309.627,-30.406],[-343.833,-61.594],[-378.04,-30.406]],"c":true},"ix":2},"nm":"o","mn":"ADBE Vector Shape - Group","hd":false},{"ind":1,"ty":"sh","ix":2,"ks":{"a":0,"k":{"i":[[7.266,0],[0,9.278],[-7.154,0],[0,-9.166]],"o":[[-7.154,0],[0,-9.166],[7.266,0],[0,9.278]],"v":[[-343.833,-15.874],[-356.577,-30.406],[-343.833,-44.714],[-331.09,-30.406]],"c":true},"ix":2},"nm":"o","mn":"ADBE Vector Shape - Group","hd":false},{"ty":"mm","mm":1,"nm":"Merge Paths 1","mn":"ADBE Vector Filter - Merge","hd":false},{"ty":"fl","c":{"a":0,"k":[0,0.662750004787,0.61568998449,1],"ix":4},"o":{"a":0,"k":100,"ix":5},"r":1,"bm":0,"nm":"Fill 1","mn":"ADBE Vector Graphic - Fill","hd":false},{"ty":"tr","p":{"a":0,"k":[0,0],"ix":2},"a":{"a":0,"k":[0,0],"ix":1},"s":{"a":0,"k":[100,100],"ix":3},"r":{"a":0,"k":0,"ix":6},"o":{"a":0,"k":100,"ix":7},"sk":{"a":0,"k":0,"ix":4},"sa":{"a":0,"k":0,"ix":5},"nm":"Transform"}],"nm":"o","np":5,"cix":2,"bm":0,"ix":2,"mn":"ADBE Vector Group","hd":false},{"ty":"gr","it":[{"ind":0,"ty":"sh","ix":1,"ks":{"a":0,"k":{"i":[[14.085,0],[4.807,-6.036],[8.272,0],[4.583,-4.919],[0,0],[0,0],[0,0],[0,0],[0,0],[-6.26,0],[0,-8.719],[0,0],[0,0],[0,0],[-6.148,0],[0,-8.719],[0,0],[0,0],[0,0]],"o":[[-8.719,0],[-4.248,-6.484],[-7.154,0],[0,0],[0,0],[0,0],[0,0],[0,0],[0,-9.39],[5.701,0],[0,0],[0,0],[0,0],[0,-9.39],[5.589,0],[0,0],[0,0],[0,0],[0,-18.78]],"v":[[-221.394,-61.594],[-242.409,-52.092],[-261.972,-61.594],[-280.081,-54.216],[-280.081,-60.588],[-300.315,-60.588],[-300.315,0],[-279.075,0],[-279.075,-30.07],[-268.344,-43.596],[-259.177,-31.188],[-259.177,0],[-237.938,0],[-237.938,-30.07],[-227.318,-43.596],[-218.152,-31.188],[-218.152,0],[-196.913,0],[-196.913,-34.654]],"c":true},"ix":2},"nm":"m","mn":"ADBE Vector Shape - Group","hd":false},{"ty":"fl","c":{"a":0,"k":[0,0.662750004787,0.61568998449,1],"ix":4},"o":{"a":0,"k":100,"ix":5},"r":1,"bm":0,"nm":"Fill 1","mn":"ADBE Vector Graphic - Fill","hd":false},{"ty":"tr","p":{"a":0,"k":[0,0],"ix":2},"a":{"a":0,"k":[0,0],"ix":1},"s":{"a":0,"k":[100,100],"ix":3},"r":{"a":0,"k":0,"ix":6},"o":{"a":0,"k":100,"ix":7},"sk":{"a":0,"k":0,"ix":4},"sa":{"a":0,"k":0,"ix":5},"nm":"Transform"}],"nm":"m","np":3,"cix":2,"bm":0,"ix":3,"mn":"ADBE Vector Group","hd":false},{"ty":"gr","it":[{"ind":0,"ty":"sh","ix":1,"ks":{"a":0,"k":{"i":[[-7.825,0],[0,6.707],[7.825,0],[0,-6.372]],"o":[[7.825,0],[0,-6.372],[-7.825,0],[0,6.372]],"v":[[-173.7,-67.295],[-160.733,-78.921],[-173.7,-89.876],[-186.667,-78.585]],"c":true},"ix":2},"nm":"i","mn":"ADBE Vector Shape - Group","hd":false},{"ind":1,"ty":"sh","ix":2,"ks":{"a":0,"k":{"i":[[0,0],[0,0],[0,0],[0,0]],"o":[[0,0],[0,0],[0,0],[0,0]],"v":[[-184.32,0],[-163.08,0],[-163.08,-60.588],[-184.32,-60.588]],"c":true},"ix":2},"nm":"i","mn":"ADBE Vector Shape - Group","hd":false},{"ty":"mm","mm":1,"nm":"Merge Paths 1","mn":"ADBE Vector Filter - Merge","hd":false},{"ty":"fl","c":{"a":0,"k":[0,0.662750004787,0.61568998449,1],"ix":4},"o":{"a":0,"k":100,"ix":5},"r":1,"bm":0,"nm":"Fill 1","mn":"ADBE Vector Graphic - Fill","hd":false},{"ty":"tr","p":{"a":0,"k":[0,0],"ix":2},"a":{"a":0,"k":[0,0],"ix":1},"s":{"a":0,"k":[100,100],"ix":3},"r":{"a":0,"k":0,"ix":6},"o":{"a":0,"k":100,"ix":7},"sk":{"a":0,"k":0,"ix":4},"sa":{"a":0,"k":0,"ix":5},"nm":"Transform"}],"nm":"i","np":5,"cix":2,"bm":0,"ix":4,"mn":"ADBE Vector Group","hd":false},{"ty":"gr","it":[{"ind":0,"ty":"sh","ix":1,"ks":{"a":0,"k":{"i":[[14.197,0],[4.807,-5.03],[0,0],[0,0],[0,0],[0,0],[0,0],[-6.819,0],[0,-8.719],[0,0],[0,0],[0,0]],"o":[[-7.601,0],[0,0],[0,0],[0,0],[0,0],[0,0],[0,-10.061],[6.148,0],[0,0],[0,0],[0,0],[0,-18.78]],"v":[[-110.118,-61.594],[-129.345,-53.993],[-129.345,-60.588],[-149.578,-60.588],[-149.578,0],[-128.339,0],[-128.339,-29.288],[-116.266,-43.596],[-106.317,-31.188],[-106.317,0],[-85.078,0],[-85.078,-34.654]],"c":true},"ix":2},"nm":"n","mn":"ADBE Vector Shape - Group","hd":false},{"ty":"fl","c":{"a":0,"k":[0,0.662750004787,0.61568998449,1],"ix":4},"o":{"a":0,"k":100,"ix":5},"r":1,"bm":0,"nm":"Fill 1","mn":"ADBE Vector Graphic - Fill","hd":false},{"ty":"tr","p":{"a":0,"k":[0,0],"ix":2},"a":{"a":0,"k":[0,0],"ix":1},"s":{"a":0,"k":[100,100],"ix":3},"r":{"a":0,"k":0,"ix":6},"o":{"a":0,"k":100,"ix":7},"sk":{"a":0,"k":0,"ix":4},"sa":{"a":0,"k":0,"ix":5},"nm":"Transform"}],"nm":"n","np":3,"cix":2,"bm":0,"ix":5,"mn":"ADBE Vector Group","hd":false},{"ty":"gr","it":[{"ind":0,"ty":"sh","ix":1,"ks":{"a":0,"k":{"i":[[0,0],[0,0],[8.384,0],[0,-17.774],[-16.097,0],[-4.136,4.807],[0,0],[11.402,0],[5.03,4.024],[0,0],[-11.626,0],[0,22.916],[0,0]],"o":[[0,0],[-4.136,-5.701],[-16.097,0],[0,17.886],[7.713,0],[0,0],[0,9.502],[-7.154,0],[0,0],[7.378,5.254],[22.581,0],[0,0],[0,0]],"v":[[-26.497,-60.588],[-26.497,-53.21],[-45.5,-61.594],[-75.235,-32.418],[-45.5,-3.13],[-27.503,-10.284],[-27.503,-8.272],[-43.712,6.372],[-64.169,-0.112],[-71.882,14.756],[-41.811,22.693],[-6.263,-11.067],[-6.263,-60.588]],"c":true},"ix":2},"nm":"g","mn":"ADBE Vector Shape - Group","hd":false},{"ind":1,"ty":"sh","ix":2,"ks":{"a":0,"k":{"i":[[7.601,0],[0,7.378],[-7.601,0],[0,-7.378]],"o":[[-7.601,0],[0,-7.378],[7.601,0],[0,7.378]],"v":[[-40.47,-20.01],[-53.772,-32.418],[-40.47,-44.714],[-27.279,-32.418]],"c":true},"ix":2},"nm":"g","mn":"ADBE Vector Shape - Group","hd":false},{"ty":"mm","mm":1,"nm":"Merge Paths 1","mn":"ADBE Vector Filter - Merge","hd":false},{"ty":"fl","c":{"a":0,"k":[0,0.662750004787,0.61568998449,1],"ix":4},"o":{"a":0,"k":100,"ix":5},"r":1,"bm":0,"nm":"Fill 1","mn":"ADBE Vector Graphic - Fill","hd":false},{"ty":"tr","p":{"a":0,"k":[0,0],"ix":2},"a":{"a":0,"k":[0,0],"ix":1},"s":{"a":0,"k":[100,100],"ix":3},"r":{"a":0,"k":0,"ix":6},"o":{"a":0,"k":100,"ix":7},"sk":{"a":0,"k":0,"ix":4},"sa":{"a":0,"k":0,"ix":5},"nm":"Transform"}],"nm":"g","np":5,"cix":2,"bm":0,"ix":6,"mn":"ADBE Vector Group","hd":false},{"ty":"gr","it":[{"ind":0,"ty":"sh","ix":1,"ks":{"a":0,"k":{"i":[[-10.284,0],[0,11.179],[0,8.384],[-7.154,0],[-6.036,-3.354],[0,0],[8.496,0],[0,-11.402],[0,-8.16],[7.154,0],[5.589,3.465],[0,0]],"o":[[19.674,0],[0,-24.034],[0,-2.236],[5.366,0],[0,0],[-6.036,-3.354],[-19.004,0],[0,24.258],[0,2.571],[-7.378,0],[0,0],[5.925,3.689]],"v":[[-256.981,108.006],[-227.022,88.108],[-262.682,64.745],[-252.956,60.497],[-235.518,64.969],[-229.146,50.548],[-253.068,45.406],[-282.579,65.527],[-246.808,88.667],[-256.31,92.803],[-277.437,87.214],[-283.809,101.746]],"c":true},"ix":2},"nm":"s","mn":"ADBE Vector Shape - Group","hd":false},{"ty":"fl","c":{"a":0,"k":[0,0.662750004787,0.61568998449,1],"ix":4},"o":{"a":0,"k":100,"ix":5},"r":1,"bm":0,"nm":"Fill 1","mn":"ADBE Vector Graphic - Fill","hd":false},{"ty":"tr","p":{"a":0,"k":[0,0],"ix":2},"a":{"a":0,"k":[0,0],"ix":1},"s":{"a":0,"k":[100,100],"ix":3},"r":{"a":0,"k":0,"ix":6},"o":{"a":0,"k":100,"ix":7},"sk":{"a":0,"k":0,"ix":4},"sa":{"a":0,"k":0,"ix":5},"nm":"Transform"}],"nm":"s","np":3,"cix":2,"bm":0,"ix":7,"mn":"ADBE Vector Group","hd":false},{"ty":"gr","it":[{"ind":0,"ty":"sh","ix":1,"ks":{"a":0,"k":{"i":[[-19.786,0],[0,18.333],[20.01,0],[0,-18.221]],"o":[[20.01,0],[0,-18.221],[-19.786,0],[0,18.333]],"v":[[-187.88,108.006],[-153.673,76.594],[-187.88,45.406],[-222.086,76.594]],"c":true},"ix":2},"nm":"o","mn":"ADBE Vector Shape - Group","hd":false},{"ind":1,"ty":"sh","ix":2,"ks":{"a":0,"k":{"i":[[7.266,0],[0,9.278],[-7.154,0],[0,-9.166]],"o":[[-7.154,0],[0,-9.166],[7.266,0],[0,9.278]],"v":[[-187.88,91.126],[-200.624,76.594],[-187.88,62.286],[-175.136,76.594]],"c":true},"ix":2},"nm":"o","mn":"ADBE Vector Shape - Group","hd":false},{"ty":"mm","mm":1,"nm":"Merge Paths 1","mn":"ADBE Vector Filter - Merge","hd":false},{"ty":"fl","c":{"a":0,"k":[0,0.662750004787,0.61568998449,1],"ix":4},"o":{"a":0,"k":100,"ix":5},"r":1,"bm":0,"nm":"Fill 1","mn":"ADBE Vector Graphic - Fill","hd":false},{"ty":"tr","p":{"a":0,"k":[0,0],"ix":2},"a":{"a":0,"k":[0,0],"ix":1},"s":{"a":0,"k":[100,100],"ix":3},"r":{"a":0,"k":0,"ix":6},"o":{"a":0,"k":100,"ix":7},"sk":{"a":0,"k":0,"ix":4},"sa":{"a":0,"k":0,"ix":5},"nm":"Transform"}],"nm":"o","np":5,"cix":2,"bm":0,"ix":8,"mn":"ADBE Vector Group","hd":false},{"ty":"gr","it":[{"ind":0,"ty":"sh","ix":1,"ks":{"a":0,"k":{"i":[[-19.786,0],[0,18.333],[20.01,0],[0,-18.221]],"o":[[20.01,0],[0,-18.221],[-19.786,0],[0,18.333]],"v":[[-113.956,108.006],[-79.749,76.594],[-113.956,45.406],[-148.162,76.594]],"c":true},"ix":2},"nm":"o","mn":"ADBE Vector Shape - Group","hd":false},{"ind":1,"ty":"sh","ix":2,"ks":{"a":0,"k":{"i":[[7.266,0],[0,9.278],[-7.154,0],[0,-9.166]],"o":[[-7.154,0],[0,-9.166],[7.266,0],[0,9.278]],"v":[[-113.956,91.126],[-126.699,76.594],[-113.956,62.286],[-101.212,76.594]],"c":true},"ix":2},"nm":"o","mn":"ADBE Vector Shape - Group","hd":false},{"ty":"mm","mm":1,"nm":"Merge Paths 1","mn":"ADBE Vector Filter - Merge","hd":false},{"ty":"fl","c":{"a":0,"k":[0,0.662750004787,0.61568998449,1],"ix":4},"o":{"a":0,"k":100,"ix":5},"r":1,"bm":0,"nm":"Fill 1","mn":"ADBE Vector Graphic - Fill","hd":false},{"ty":"tr","p":{"a":0,"k":[0,0],"ix":2},"a":{"a":0,"k":[0,0],"ix":1},"s":{"a":0,"k":[100,100],"ix":3},"r":{"a":0,"k":0,"ix":6},"o":{"a":0,"k":100,"ix":7},"sk":{"a":0,"k":0,"ix":4},"sa":{"a":0,"k":0,"ix":5},"nm":"Transform"}],"nm":"o","np":5,"cix":2,"bm":0,"ix":9,"mn":"ADBE Vector Group","hd":false},{"ty":"gr","it":[{"ind":0,"ty":"sh","ix":1,"ks":{"a":0,"k":{"i":[[14.197,0],[4.807,-5.03],[0,0],[0,0],[0,0],[0,0],[0,0],[-6.819,0],[0,-8.719],[0,0],[0,0],[0,0]],"o":[[-7.601,0],[0,0],[0,0],[0,0],[0,0],[0,0],[0,-10.061],[6.148,0],[0,0],[0,0],[0,0],[0,-18.78]],"v":[[-30.977,45.406],[-50.204,53.007],[-50.204,46.412],[-70.437,46.412],[-70.437,107],[-49.198,107],[-49.198,77.712],[-37.125,63.404],[-27.176,75.812],[-27.176,107],[-5.937,107],[-5.937,72.346]],"c":true},"ix":2},"nm":"n","mn":"ADBE Vector Shape - Group","hd":false},{"ty":"fl","c":{"a":0,"k":[0,0.662750004787,0.61568998449,1],"ix":4},"o":{"a":0,"k":100,"ix":5},"r":1,"bm":0,"nm":"Fill 1","mn":"ADBE Vector Graphic - Fill","hd":false},{"ty":"tr","p":{"a":0,"k":[0,0],"ix":2},"a":{"a":0,"k":[0,0],"ix":1},"s":{"a":0,"k":[100,100],"ix":3},"r":{"a":0,"k":0,"ix":6},"o":{"a":0,"k":100,"ix":7},"sk":{"a":0,"k":0,"ix":4},"sa":{"a":0,"k":0,"ix":5},"nm":"Transform"}],"nm":"n","np":3,"cix":2,"bm":0,"ix":10,"mn":"ADBE Vector Group","hd":false}],"ip":0,"op":250,"st":0,"bm":0}]},{"id":"comp_1","layers":[{"ddd":0,"ind":1,"ty":4,"nm":"rambut Outlines","sr":1,"ks":{"o":{"a":0,"k":100,"ix":11},"r":{"a":1,"k":[{"i":{"x":[0.667],"y":[1]},"o":{"x":[0.333],"y":[0]},"t":0,"s":[3]},{"i":{"x":[0.667],"y":[1]},"o":{"x":[0.333],"y":[0]},"t":25,"s":[-6]},{"i":{"x":[0.667],"y":[1]},"o":{"x":[0.333],"y":[0]},"t":50,"s":[-6]},{"t":100,"s":[3]}],"ix":10},"p":{"a":1,"k":[{"i":{"x":0.667,"y":1},"o":{"x":0.333,"y":0},"t":0,"s":[549.218,277.699,0],"to":[8.667,0,0],"ti":[-8.667,0,0]},{"i":{"x":0.667,"y":0.667},"o":{"x":0.333,"y":0.333},"t":25,"s":[601.218,277.699,0],"to":[0,0,0],"ti":[0,0,0]},{"i":{"x":0.667,"y":1},"o":{"x":0.333,"y":0},"t":50,"s":[601.218,277.699,0],"to":[-8.667,0,0],"ti":[8.667,0,0]},{"t":100,"s":[549.218,277.699,0]}],"ix":2},"a":{"a":0,"k":[90.271,60.573,0],"ix":1},"s":{"a":0,"k":[100,100,100],"ix":6}},"ao":0,"shapes":[{"ty":"gr","it":[{"ind":0,"ty":"sh","ix":1,"ks":{"a":1,"k":[{"i":{"x":0.667,"y":1},"o":{"x":0.333,"y":0},"t":0,"s":[{"i":[[-13.575,9.726],[-8.969,-11.46],[-12.73,7.559],[-5.012,-11.812],[-15.215,5.204],[6.942,7.614],[4.963,8.398],[16.419,4.959],[4.408,5.783],[5.595,1.497],[15.161,13.204],[4.597,-1.424],[5.129,-5.168],[10.05,-8.076],[3.22,-8.351],[-2.45,-3.664]],"o":[[7.714,-14.018],[7.152,9.138],[11.141,-6.616],[4.858,11.451],[14.253,-4.875],[-17.963,-19.702],[-6.367,-10.773],[-5.77,-1.742],[-4.353,-5.675],[-29.735,-7.953],[-5.468,-4.761],[-8.639,2.675],[-9.831,9.906],[-5.788,4.651],[-1.815,4.707],[9.832,14.697]],"v":[[-41.553,36.881],[-8.708,20.585],[13.921,37.241],[40.904,44.408],[67.596,56.187],[83.228,35.786],[67.543,18.876],[50.336,-3.546],[40.305,-12.234],[22.575,-27.849],[-16.535,-24.337],[-38.497,-25.038],[-56.756,-13.56],[-64.304,9.203],[-82.703,18.473],[-79.143,33.215]],"c":true}]},{"i":{"x":0.667,"y":1},"o":{"x":0.333,"y":0},"t":26,"s":[{"i":[[-14.801,-0.27],[-14.389,-2.174],[-14.715,1.625],[-11.448,-5.795],[-10.794,11.92],[7.474,7.204],[4.963,8.398],[15.975,6.243],[4.408,5.783],[5.595,1.497],[15.161,13.204],[7.18,-1.004],[5.129,-5.168],[10.05,-8.076],[3.22,-8.351],[-2.45,-3.664]],"o":[[14.563,-2.212],[20.084,3.034],[15.305,-1.69],[18.579,9.405],[8.74,-9.652],[-8.885,-8.565],[-6.367,-10.773],[-2.325,-0.909],[-4.353,-5.675],[-29.735,-7.953],[-5.468,-4.761],[-8.956,1.253],[-9.831,9.906],[-5.788,4.651],[-1.815,4.707],[9.832,14.697]],"v":[[-38.518,27.145],[-12.775,37.754],[21.614,31.011],[43.628,56.761],[77.332,59.221],[78.047,37.252],[67.543,18.876],[50.336,-3.546],[40.305,-12.234],[22.575,-27.849],[-16.535,-24.337],[-38.497,-25.038],[-56.756,-13.56],[-64.304,9.203],[-82.703,18.473],[-79.143,33.215]],"c":true}]},{"i":{"x":0.667,"y":1},"o":{"x":0.333,"y":0},"t":50,"s":[{"i":[[-14.801,-0.27],[-14.389,-2.174],[-14.715,1.625],[-11.448,-5.795],[-17.9,4.642],[7.798,6.852],[4.963,8.398],[15.862,6.525],[4.408,5.783],[5.595,1.497],[15.161,13.204],[7.18,-1.004],[5.129,-5.168],[10.05,-8.076],[3.22,-8.351],[-3.342,-2.874]],"o":[[14.563,-2.212],[20.084,3.034],[15.305,-1.69],[18.579,9.405],[12.604,-3.268],[-11.489,-10.095],[-6.367,-10.773],[-5.453,-2.243],[-4.353,-5.675],[-29.735,-7.953],[-5.468,-4.761],[-8.956,1.253],[-9.831,9.906],[-5.788,4.651],[-1.815,4.707],[11.314,9.731]],"v":[[-47.061,43.844],[-20.222,34.457],[7.562,45.119],[33.052,42.578],[67.178,60.165],[78.047,37.252],[67.543,18.876],[50.336,-3.546],[40.305,-12.234],[22.575,-27.849],[-16.535,-24.337],[-38.497,-25.038],[-56.756,-13.56],[-64.304,9.203],[-82.703,18.473],[-79.143,33.215]],"c":true}]},{"i":{"x":0.667,"y":1},"o":{"x":0.333,"y":0},"t":75,"s":[{"i":[[-14.801,-0.27],[-14.551,0.141],[-14.715,1.625],[-11.448,-5.795],[-15.493,-10.096],[7.494,7.183],[3.555,9.084],[15.428,7.493],[4.408,5.783],[5.595,1.497],[15.161,13.204],[7.18,-1.004],[5.129,-5.168],[10.05,-8.076],[3.22,-8.351],[-2.45,-3.664]],"o":[[14.562,-2.212],[20.423,-0.198],[15.305,-1.69],[18.579,9.405],[11.935,7.777],[-12.772,-12.241],[-3.658,-9.345],[-6.369,-3.093],[-4.353,-5.675],[-29.735,-7.953],[-5.468,-4.761],[-8.956,1.253],[-9.831,9.906],[-5.788,4.651],[-1.815,4.707],[9.832,14.697]],"v":[[-43.542,36.672],[-19.017,42.125],[4.655,34.507],[29.377,51.241],[61.052,51.477],[78.047,37.252],[67.543,18.876],[50.336,-3.546],[40.305,-12.234],[22.575,-27.849],[-16.535,-24.337],[-38.497,-25.038],[-56.756,-13.56],[-64.304,9.203],[-82.703,18.473],[-79.143,33.215]],"c":true}]},{"i":{"x":0.667,"y":1},"o":{"x":0.333,"y":0},"t":100,"s":[{"i":[[-25.062,-12.661],[-14.017,-3.911],[-15.328,0.369],[-9.361,0.184],[-12.574,4.196],[6.672,7.668],[4.963,8.398],[14.953,8.402],[4.408,5.783],[5.595,1.497],[15.161,13.204],[7.18,-1.004],[5.129,-5.168],[10.05,-8.076],[3.22,-8.351],[-3.754,-2.311]],"o":[[14.524,0.549],[15.425,4.304],[15.394,-0.371],[20.819,-0.409],[3.029,-1.011],[-5.142,-5.909],[-6.367,-10.773],[-7.508,-4.219],[-4.353,-5.675],[-29.735,-7.953],[-5.468,-4.761],[-8.956,1.253],[-9.831,9.906],[-5.788,4.651],[-1.815,4.707],[23.629,14.544]],"v":[[-28.295,47.073],[-1.272,45.499],[25.242,51.502],[45.877,49.707],[71.351,51.554],[72.524,32.398],[67.543,18.876],[50.336,-3.546],[40.305,-12.234],[22.575,-27.849],[-16.535,-24.337],[-38.497,-25.038],[-56.756,-13.56],[-64.304,9.203],[-82.703,18.473],[-76.106,42.584]],"c":true}]},{"i":{"x":0.667,"y":1},"o":{"x":0.333,"y":0},"t":125,"s":[{"i":[[-14.801,-0.27],[-14.551,0.141],[-14.715,1.625],[-11.448,-5.795],[-15.493,-10.096],[7.494,7.183],[3.555,9.084],[15.428,7.493],[4.408,5.783],[5.595,1.497],[15.161,13.204],[7.18,-1.004],[5.129,-5.168],[10.05,-8.076],[3.22,-8.351],[-2.45,-3.664]],"o":[[14.562,-2.212],[20.423,-0.198],[15.305,-1.69],[18.579,9.405],[11.935,7.777],[-12.772,-12.241],[-3.658,-9.345],[-6.369,-3.093],[-4.353,-5.675],[-29.735,-7.953],[-5.468,-4.761],[-8.956,1.253],[-9.831,9.906],[-5.788,4.651],[-1.815,4.707],[9.832,14.697]],"v":[[-43.542,36.672],[-19.017,42.125],[4.655,34.507],[29.377,51.241],[61.052,51.477],[78.047,37.252],[67.543,18.876],[50.336,-3.546],[40.305,-12.234],[22.575,-27.849],[-16.535,-24.337],[-38.497,-25.038],[-56.756,-13.56],[-64.304,9.203],[-82.703,18.473],[-79.143,33.215]],"c":true}]},{"i":{"x":0.667,"y":1},"o":{"x":0.333,"y":0},"t":150,"s":[{"i":[[-14.801,-0.27],[-14.389,-2.174],[-14.715,1.625],[-11.448,-5.795],[-17.9,4.642],[7.798,6.852],[4.963,8.398],[15.862,6.525],[4.408,5.783],[5.595,1.497],[15.161,13.204],[7.18,-1.004],[5.129,-5.168],[10.05,-8.076],[3.22,-8.351],[-3.342,-2.874]],"o":[[14.563,-2.212],[20.084,3.034],[15.305,-1.69],[18.579,9.405],[12.604,-3.268],[-11.489,-10.095],[-6.367,-10.773],[-5.453,-2.243],[-4.353,-5.675],[-29.735,-7.953],[-5.468,-4.761],[-8.956,1.253],[-9.831,9.906],[-5.788,4.651],[-1.815,4.707],[11.314,9.731]],"v":[[-47.061,43.844],[-20.222,34.457],[7.562,45.119],[33.052,42.578],[67.178,60.165],[78.047,37.252],[67.543,18.876],[50.336,-3.546],[40.305,-12.234],[22.575,-27.849],[-16.535,-24.337],[-38.497,-25.038],[-56.756,-13.56],[-64.304,9.203],[-82.703,18.473],[-79.143,33.215]],"c":true}]},{"i":{"x":0.667,"y":1},"o":{"x":0.333,"y":0},"t":175,"s":[{"i":[[-14.801,-0.27],[-14.389,-2.174],[-14.715,1.625],[-11.448,-5.795],[-10.794,11.92],[7.474,7.204],[4.963,8.398],[15.975,6.243],[4.408,5.783],[5.595,1.497],[15.161,13.204],[7.18,-1.004],[5.129,-5.168],[10.05,-8.076],[3.22,-8.351],[-2.45,-3.664]],"o":[[14.563,-2.212],[20.084,3.034],[15.305,-1.69],[18.579,9.405],[8.74,-9.652],[-8.885,-8.565],[-6.367,-10.773],[-2.325,-0.909],[-4.353,-5.675],[-29.735,-7.953],[-5.468,-4.761],[-8.956,1.253],[-9.831,9.906],[-5.788,4.651],[-1.815,4.707],[9.832,14.697]],"v":[[-38.518,27.145],[-12.775,37.754],[21.614,31.011],[43.628,56.761],[77.332,59.221],[78.047,37.252],[67.543,18.876],[50.336,-3.546],[40.305,-12.234],[22.575,-27.849],[-16.535,-24.337],[-38.497,-25.038],[-56.756,-13.56],[-64.304,9.203],[-82.703,18.473],[-79.143,33.215]],"c":true}]},{"t":200,"s":[{"i":[[-13.575,9.726],[-8.969,-11.46],[-12.73,7.559],[-5.012,-11.812],[-15.215,5.204],[6.942,7.614],[4.963,8.398],[16.419,4.959],[4.408,5.783],[5.595,1.497],[15.161,13.204],[4.597,-1.424],[5.129,-5.168],[10.05,-8.076],[3.22,-8.351],[-2.45,-3.664]],"o":[[7.714,-14.018],[7.152,9.138],[11.141,-6.616],[4.858,11.451],[14.253,-4.875],[-17.963,-19.702],[-6.367,-10.773],[-5.77,-1.742],[-4.353,-5.675],[-29.735,-7.953],[-5.468,-4.761],[-8.639,2.675],[-9.831,9.906],[-5.788,4.651],[-1.815,4.707],[9.832,14.697]],"v":[[-41.553,36.881],[-8.708,20.585],[13.921,37.241],[40.904,44.408],[67.596,56.187],[83.228,35.786],[67.543,18.876],[50.336,-3.546],[40.305,-12.234],[22.575,-27.849],[-16.535,-24.337],[-38.497,-25.038],[-56.756,-13.56],[-64.304,9.203],[-82.703,18.473],[-79.143,33.215]],"c":true}]}],"ix":2},"nm":"Path 1","mn":"ADBE Vector Shape - Group","hd":false},{"ty":"st","c":{"a":0,"k":[0,0,0,1],"ix":3},"o":{"a":0,"k":100,"ix":4},"w":{"a":0,"k":1.916,"ix":5},"lc":1,"lj":1,"ml":10,"bm":0,"nm":"Stroke 1","mn":"ADBE Vector Graphic - Stroke","hd":false},{"ty":"fl","c":{"a":0,"k":[0,0,0,1],"ix":4},"o":{"a":0,"k":100,"ix":5},"r":1,"bm":0,"nm":"Fill 1","mn":"ADBE Vector Graphic - Fill","hd":false},{"ty":"tr","p":{"a":0,"k":[90.271,60.573],"ix":2},"a":{"a":0,"k":[0,0],"ix":1},"s":{"a":0,"k":[100,100],"ix":3},"r":{"a":0,"k":0,"ix":6},"o":{"a":0,"k":100,"ix":7},"sk":{"a":0,"k":0,"ix":4},"sa":{"a":0,"k":0,"ix":5},"nm":"Transform"}],"nm":"Group 1","np":3,"cix":2,"bm":0,"ix":1,"mn":"ADBE Vector Group","hd":false}],"ip":0,"op":250,"st":0,"bm":0}]}],"layers":[{"ddd":0,"ind":1,"ty":0,"nm":"text","refId":"comp_0","sr":1,"ks":{"o":{"a":0,"k":100,"ix":11},"r":{"a":0,"k":0,"ix":10},"p":{"a":0,"k":[540,540,0],"ix":2},"a":{"a":0,"k":[540,540,0],"ix":1},"s":{"a":0,"k":[100,100,100],"ix":6}},"ao":0,"w":1080,"h":1080,"ip":0,"op":250,"st":0,"bm":0},{"ddd":0,"ind":2,"ty":4,"nm":"tangan bawah Outlines","sr":1,"ks":{"o":{"a":0,"k":100,"ix":11},"r":{"a":0,"k":0,"ix":10},"p":{"a":1,"k":[{"i":{"x":0.667,"y":1},"o":{"x":0.333,"y":0},"t":0,"s":[569.623,654.846,0],"to":[-1.167,0,0],"ti":[1.167,0,0]},{"i":{"x":0.667,"y":0.667},"o":{"x":0.333,"y":0.333},"t":25,"s":[562.623,654.846,0],"to":[0,0,0],"ti":[0,0,0]},{"i":{"x":0.667,"y":1},"o":{"x":0.333,"y":0},"t":100,"s":[562.623,654.846,0],"to":[1.167,0,0],"ti":[-1.167,0,0]},{"t":150,"s":[569.623,654.846,0]}],"ix":2},"a":{"a":0,"k":[37.603,66.028,0],"ix":1},"s":{"a":1,"k":[{"i":{"x":[0.667,0.667,0.667],"y":[1,1,1]},"o":{"x":[0.333,0.333,0.333],"y":[0,0,0]},"t":0,"s":[95,95,100]},{"i":{"x":[0.667,0.667,0.667],"y":[1,1,1]},"o":{"x":[0.333,0.333,0.333],"y":[0,0,0]},"t":25,"s":[100,100,100]},{"i":{"x":[0.667,0.667,0.667],"y":[1,1,1]},"o":{"x":[0.333,0.333,0.333],"y":[0,0,0]},"t":100,"s":[100,100,100]},{"t":150,"s":[95,95,100]}],"ix":6}},"ao":0,"shapes":[{"ty":"gr","it":[{"ind":0,"ty":"sh","ix":1,"ks":{"a":0,"k":{"i":[[1.189,1.054],[-0.635,-0.595],[-0.108,-1.067],[0.062,-0.513],[0.162,-0.499],[0.709,-0.238],[-0.024,0.733],[-0.003,0.432],[0.052,0.337]],"o":[[0.721,-0.354],[0.659,0.578],[0.066,0.532],[-0.058,0.456],[-0.313,1.025],[0.361,-0.886],[0.013,-0.371],[-0.019,-0.376],[-0.17,-1.335]],"v":[[-1.735,-3.928],[0.45,-3.456],[1.669,-0.783],[1.652,0.796],[1.343,2.247],[-0.355,4.282],[0.234,1.909],[0.241,0.709],[0.164,-0.367]],"c":true},"ix":2},"nm":"Path 1","mn":"ADBE Vector Shape - Group","hd":false},{"ty":"fl","c":{"a":0,"k":[0,0,0,1],"ix":4},"o":{"a":0,"k":100,"ix":5},"r":1,"bm":0,"nm":"Fill 1","mn":"ADBE Vector Graphic - Fill","hd":false},{"ty":"tr","p":{"a":0,"k":[64.997,107.387],"ix":2},"a":{"a":0,"k":[0,0],"ix":1},"s":{"a":0,"k":[100,100],"ix":3},"r":{"a":0,"k":0,"ix":6},"o":{"a":0,"k":100,"ix":7},"sk":{"a":0,"k":0,"ix":4},"sa":{"a":0,"k":0,"ix":5},"nm":"Transform"}],"nm":"Group 1","np":2,"cix":2,"bm":0,"ix":1,"mn":"ADBE Vector Group","hd":false},{"ty":"gr","it":[{"ind":0,"ty":"sh","ix":1,"ks":{"a":0,"k":{"i":[[1.922,-0.97],[0.407,-4.361],[-2.042,-0.949],[0.403,5.278]],"o":[[-2.502,1.652],[-0.291,3.121],[4.788,2.222],[-0.134,-1.763]],"v":[[-0.092,-6.073],[-4.013,-1.01],[-0.484,4.821],[3.74,-0.325]],"c":true},"ix":2},"nm":"Path 1","mn":"ADBE Vector Shape - Group","hd":false},{"ty":"st","c":{"a":0,"k":[0,0,0,1],"ix":3},"o":{"a":0,"k":100,"ix":4},"w":{"a":0,"k":1,"ix":5},"lc":1,"lj":1,"ml":10,"bm":0,"nm":"Stroke 1","mn":"ADBE Vector Graphic - Stroke","hd":false},{"ty":"tr","p":{"a":0,"k":[27.659,114.38],"ix":2},"a":{"a":0,"k":[0,0],"ix":1},"s":{"a":0,"k":[100,100],"ix":3},"r":{"a":0,"k":0,"ix":6},"o":{"a":0,"k":100,"ix":7},"sk":{"a":0,"k":0,"ix":4},"sa":{"a":0,"k":0,"ix":5},"nm":"Transform"}],"nm":"Group 2","np":2,"cix":2,"bm":0,"ix":2,"mn":"ADBE Vector Group","hd":false},{"ty":"gr","it":[{"ind":0,"ty":"sh","ix":1,"ks":{"a":0,"k":{"i":[[5.259,-0.857],[0,0],[0.724,7.89],[-5.259,0.857],[0,0],[-0.724,-7.89]],"o":[[0,0],[-5.258,0.857],[-0.724,-7.889],[0,0],[5.259,-0.858],[0.725,7.889]],"v":[[16.961,11.792],[-14.33,16.896],[-25.207,4.111],[-16.962,-11.793],[14.329,-16.896],[25.206,-4.111]],"c":true},"ix":2},"nm":"Path 1","mn":"ADBE Vector Shape - Group","hd":false},{"ty":"st","c":{"a":0,"k":[0,0,0,1],"ix":3},"o":{"a":0,"k":100,"ix":4},"w":{"a":0,"k":1.809,"ix":5},"lc":1,"lj":1,"ml":10,"bm":0,"nm":"Stroke 1","mn":"ADBE Vector Graphic - Stroke","hd":false},{"ty":"fl","c":{"a":0,"k":[0.838999968884,0.411999990426,0.616000007181,1],"ix":4},"o":{"a":0,"k":100,"ix":5},"r":1,"bm":0,"nm":"Fill 1","mn":"ADBE Vector Graphic - Fill","hd":false},{"ty":"tr","p":{"a":0,"k":[44.252,109.779],"ix":2},"a":{"a":0,"k":[0,0],"ix":1},"s":{"a":0,"k":[100,100],"ix":3},"r":{"a":0,"k":0,"ix":6},"o":{"a":0,"k":100,"ix":7},"sk":{"a":0,"k":0,"ix":4},"sa":{"a":0,"k":0,"ix":5},"nm":"Transform"}],"nm":"Group 3","np":3,"cix":2,"bm":0,"ix":3,"mn":"ADBE Vector Group","hd":false},{"ty":"gr","it":[{"ind":0,"ty":"sh","ix":1,"ks":{"a":0,"k":{"i":[[-0.14,1.018],[-0.403,-0.61],[-0.146,-0.505],[0.039,-0.489],[0.692,-0.853],[0.725,-0.192],[-0.31,0.672],[0.041,0.755],[0.276,0.872]],"o":[[0.615,0.522],[0.185,0.316],[0.14,0.518],[-0.038,0.971],[-0.683,0.849],[0.616,-0.645],[0.312,-0.662],[-0.055,-0.812],[-0.218,-0.824]],"v":[[-0.467,-4.41],[0.945,-2.66],[1.477,-1.499],[1.583,0.045],[0.58,3.078],[-1.622,4.41],[-0.078,2.474],[0.235,0.349],[-0.253,-1.68]],"c":true},"ix":2},"nm":"Path 1","mn":"ADBE Vector Shape - Group","hd":false},{"ty":"fl","c":{"a":0,"k":[0,0,0,1],"ix":4},"o":{"a":0,"k":100,"ix":5},"r":1,"bm":0,"nm":"Fill 1","mn":"ADBE Vector Graphic - Fill","hd":false},{"ty":"tr","p":{"a":0,"k":[61.874,78.611],"ix":2},"a":{"a":0,"k":[0,0],"ix":1},"s":{"a":0,"k":[100,100],"ix":3},"r":{"a":0,"k":0,"ix":6},"o":{"a":0,"k":100,"ix":7},"sk":{"a":0,"k":0,"ix":4},"sa":{"a":0,"k":0,"ix":5},"nm":"Transform"}],"nm":"Group 4","np":2,"cix":2,"bm":0,"ix":4,"mn":"ADBE Vector Group","hd":false},{"ty":"gr","it":[{"ind":0,"ty":"sh","ix":1,"ks":{"a":0,"k":{"i":[[1.921,-0.97],[0.407,-4.362],[-2.043,-0.949],[0.402,5.277]],"o":[[-2.502,1.653],[-0.291,3.12],[4.787,2.222],[-0.135,-1.764]],"v":[[-0.092,-7.84],[-4.013,0.758],[-0.483,6.588],[3.74,-0.175]],"c":true},"ix":2},"nm":"Path 1","mn":"ADBE Vector Shape - Group","hd":false},{"ty":"st","c":{"a":0,"k":[0,0,0,1],"ix":3},"o":{"a":0,"k":100,"ix":4},"w":{"a":0,"k":1,"ix":5},"lc":1,"lj":1,"ml":10,"bm":0,"nm":"Stroke 1","mn":"ADBE Vector Graphic - Stroke","hd":false},{"ty":"tr","p":{"a":0,"k":[21.911,83.572],"ix":2},"a":{"a":0,"k":[0,0],"ix":1},"s":{"a":0,"k":[100,100],"ix":3},"r":{"a":0,"k":0,"ix":6},"o":{"a":0,"k":100,"ix":7},"sk":{"a":0,"k":0,"ix":4},"sa":{"a":0,"k":0,"ix":5},"nm":"Transform"}],"nm":"Group 5","np":2,"cix":2,"bm":0,"ix":5,"mn":"ADBE Vector Group","hd":false},{"ty":"gr","it":[{"ind":0,"ty":"sh","ix":1,"ks":{"a":0,"k":{"i":[[5.903,-0.935],[0,0],[0.698,7.893],[-5.903,0.934],[0,0],[-0.698,-7.891]],"o":[[0,0],[-5.903,0.934],[-0.699,-7.892],[0,0],[5.903,-0.934],[0.699,7.893]],"v":[[18.834,11.571],[-16.294,17.128],[-28.297,4.477],[-18.834,-11.572],[16.294,-17.129],[28.297,-4.478]],"c":true},"ix":2},"nm":"Path 1","mn":"ADBE Vector Shape - Group","hd":false},{"ty":"st","c":{"a":0,"k":[0,0,0,1],"ix":3},"o":{"a":0,"k":100,"ix":4},"w":{"a":0,"k":1.916,"ix":5},"lc":1,"lj":1,"ml":10,"bm":0,"nm":"Stroke 1","mn":"ADBE Vector Graphic - Stroke","hd":false},{"ty":"fl","c":{"a":0,"k":[0.838999968884,0.411999990426,0.616000007181,1],"ix":4},"o":{"a":0,"k":100,"ix":5},"r":1,"bm":0,"nm":"Fill 1","mn":"ADBE Vector Graphic - Fill","hd":false},{"ty":"tr","p":{"a":0,"k":[41.16,81.104],"ix":2},"a":{"a":0,"k":[0,0],"ix":1},"s":{"a":0,"k":[100,100],"ix":3},"r":{"a":0,"k":0,"ix":6},"o":{"a":0,"k":100,"ix":7},"sk":{"a":0,"k":0,"ix":4},"sa":{"a":0,"k":0,"ix":5},"nm":"Transform"}],"nm":"Group 6","np":3,"cix":2,"bm":0,"ix":6,"mn":"ADBE Vector Group","hd":false},{"ty":"gr","it":[{"ind":0,"ty":"sh","ix":1,"ks":{"a":0,"k":{"i":[[-0.061,0.714],[-0.389,-0.407],[0.141,-0.82],[0.137,-0.328],[0.206,-0.307],[0.528,-0.033],[-0.154,0.497],[-0.084,0.298],[-0.023,0.216],[0.185,0.474]],"o":[[0.403,0.357],[0.404,0.352],[-0.05,0.401],[-0.126,0.298],[-0.412,0.635],[0.409,-0.538],[0.081,-0.251],[0.065,-0.27],[0.049,-0.429],[-0.177,-0.443]],"v":[[-0.661,-2.999],[0.534,-2.1],[1.104,-0.094],[0.789,1.005],[0.298,1.939],[-1.245,2.999],[-0.397,1.484],[-0.17,0.671],[-0.029,-0.055],[-0.218,-1.271]],"c":true},"ix":2},"nm":"Path 1","mn":"ADBE Vector Shape - Group","hd":false},{"ty":"fl","c":{"a":0,"k":[0,0,0,1],"ix":4},"o":{"a":0,"k":100,"ix":5},"r":1,"bm":0,"nm":"Fill 1","mn":"ADBE Vector Graphic - Fill","hd":false},{"ty":"tr","p":{"a":0,"k":[62.303,48.215],"ix":2},"a":{"a":0,"k":[0,0],"ix":1},"s":{"a":0,"k":[100,100],"ix":3},"r":{"a":0,"k":0,"ix":6},"o":{"a":0,"k":100,"ix":7},"sk":{"a":0,"k":0,"ix":4},"sa":{"a":0,"k":0,"ix":5},"nm":"Transform"}],"nm":"Group 7","np":2,"cix":2,"bm":0,"ix":7,"mn":"ADBE Vector Group","hd":false},{"ty":"gr","it":[{"ind":0,"ty":"sh","ix":1,"ks":{"a":0,"k":{"i":[[2.152,0],[0.407,-4.361],[-2.041,-0.948],[0.402,5.278]],"o":[[-3.833,0],[-0.291,3.121],[4.788,2.223],[-0.135,-1.764]],"v":[[1.604,-7.818],[-4.233,-1.436],[-0.314,5.595],[4.123,-0.726]],"c":true},"ix":2},"nm":"Path 1","mn":"ADBE Vector Shape - Group","hd":false},{"ty":"st","c":{"a":0,"k":[0,0,0,1],"ix":3},"o":{"a":0,"k":100,"ix":4},"w":{"a":0,"k":1,"ix":5},"lc":1,"lj":1,"ml":10,"bm":0,"nm":"Stroke 1","mn":"ADBE Vector Graphic - Stroke","hd":false},{"ty":"tr","p":{"a":0,"k":[17.131,56.724],"ix":2},"a":{"a":0,"k":[0,0],"ix":1},"s":{"a":0,"k":[100,100],"ix":3},"r":{"a":0,"k":0,"ix":6},"o":{"a":0,"k":100,"ix":7},"sk":{"a":0,"k":0,"ix":4},"sa":{"a":0,"k":0,"ix":5},"nm":"Transform"}],"nm":"Group 8","np":2,"cix":2,"bm":0,"ix":8,"mn":"ADBE Vector Group","hd":false},{"ty":"gr","it":[{"ind":0,"ty":"sh","ix":1,"ks":{"a":0,"k":{"i":[[6.645,-1.021],[0,0],[0.669,7.897],[-6.645,1.022],[0,0],[-0.669,-7.895]],"o":[[0,0],[-6.645,1.022],[-0.67,-7.895],[0,0],[6.646,-1.021],[0.67,7.896]],"v":[[20.989,11.315],[-18.554,17.395],[-31.853,4.896],[-20.989,-11.317],[18.553,-17.396],[31.853,-4.899]],"c":true},"ix":2},"nm":"Path 1","mn":"ADBE Vector Shape - Group","hd":false},{"ty":"st","c":{"a":0,"k":[0,0,0,1],"ix":3},"o":{"a":0,"k":100,"ix":4},"w":{"a":0,"k":2.032,"ix":5},"lc":1,"lj":1,"ml":10,"bm":0,"nm":"Stroke 1","mn":"ADBE Vector Graphic - Stroke","hd":false},{"ty":"fl","c":{"a":0,"k":[0.838999968884,0.411999990426,0.616000007181,1],"ix":4},"o":{"a":0,"k":100,"ix":5},"r":1,"bm":0,"nm":"Fill 1","mn":"ADBE Vector Graphic - Fill","hd":false},{"ty":"tr","p":{"a":0,"k":[37.603,52.484],"ix":2},"a":{"a":0,"k":[0,0],"ix":1},"s":{"a":0,"k":[100,100],"ix":3},"r":{"a":0,"k":0,"ix":6},"o":{"a":0,"k":100,"ix":7},"sk":{"a":0,"k":0,"ix":4},"sa":{"a":0,"k":0,"ix":5},"nm":"Transform"}],"nm":"Group 9","np":3,"cix":2,"bm":0,"ix":9,"mn":"ADBE Vector Group","hd":false},{"ty":"gr","it":[{"ind":0,"ty":"sh","ix":1,"ks":{"a":0,"k":{"i":[[-0.021,0.43],[-0.275,-0.376],[-0.062,-0.482],[0.231,-0.369],[0.524,0.034],[-0.051,0.333],[0.034,0.33],[0.134,0.403]],"o":[[0.343,0.363],[0.278,0.366],[0.053,0.485],[-0.229,0.418],[0.329,-0.325],[0.063,-0.364],[-0.031,-0.332],[-0.136,-0.397]],"v":[[-0.718,-2.182],[0.189,-1.104],[0.77,0.192],[0.47,1.49],[-0.824,2.148],[-0.28,1.204],[-0.186,0.167],[-0.477,-0.92]],"c":true},"ix":2},"nm":"Path 1","mn":"ADBE Vector Shape - Group","hd":false},{"ty":"fl","c":{"a":0,"k":[0,0,0,1],"ix":4},"o":{"a":0,"k":100,"ix":5},"r":1,"bm":0,"nm":"Fill 1","mn":"ADBE Vector Graphic - Fill","hd":false},{"ty":"tr","p":{"a":0,"k":[62.344,18.63],"ix":2},"a":{"a":0,"k":[0,0],"ix":1},"s":{"a":0,"k":[100,100],"ix":3},"r":{"a":0,"k":0,"ix":6},"o":{"a":0,"k":100,"ix":7},"sk":{"a":0,"k":0,"ix":4},"sa":{"a":0,"k":0,"ix":5},"nm":"Transform"}],"nm":"Group 10","np":2,"cix":2,"bm":0,"ix":10,"mn":"ADBE Vector Group","hd":false},{"ty":"gr","it":[{"ind":0,"ty":"sh","ix":1,"ks":{"a":0,"k":{"i":[[2.058,0.633],[0.407,-4.361],[-2.043,-0.949],[0.402,5.278]],"o":[[-3.714,-1.143],[-0.291,3.121],[4.787,2.222],[-0.135,-1.763]],"v":[[1.378,-6.884],[-4.342,-0.026],[-0.811,5.805],[4.23,-1.81]],"c":true},"ix":2},"nm":"Path 1","mn":"ADBE Vector Shape - Group","hd":false},{"ty":"st","c":{"a":0,"k":[0,0,0,1],"ix":3},"o":{"a":0,"k":100,"ix":4},"w":{"a":0,"k":1,"ix":5},"lc":1,"lj":1,"ml":10,"bm":0,"nm":"Stroke 1","mn":"ADBE Vector Graphic - Stroke","hd":false},{"ty":"tr","p":{"a":0,"k":[19.239,26.273],"ix":2},"a":{"a":0,"k":[0,0],"ix":1},"s":{"a":0,"k":[100,100],"ix":3},"r":{"a":0,"k":0,"ix":6},"o":{"a":0,"k":100,"ix":7},"sk":{"a":0,"k":0,"ix":4},"sa":{"a":0,"k":0,"ix":5},"nm":"Transform"}],"nm":"Group 11","np":2,"cix":2,"bm":0,"ix":11,"mn":"ADBE Vector Group","hd":false},{"ty":"gr","it":[{"ind":0,"ty":"sh","ix":1,"ks":{"a":0,"k":{"i":[[6.452,-0.999],[0,0],[0.677,7.896],[-6.451,0.998],[0,0],[-0.678,-7.895]],"o":[[0,0],[-6.451,0.998],[-0.677,-7.894],[0,0],[6.452,-0.998],[0.677,7.895]],"v":[[20.427,11.382],[-17.965,17.326],[-30.926,4.788],[-20.427,-11.382],[17.965,-17.326],[30.927,-4.787]],"c":true},"ix":2},"nm":"Path 1","mn":"ADBE Vector Shape - Group","hd":false},{"ty":"st","c":{"a":0,"k":[0,0,0,1],"ix":3},"o":{"a":0,"k":100,"ix":4},"w":{"a":0,"k":2.003,"ix":5},"lc":1,"lj":1,"ml":10,"bm":0,"nm":"Stroke 1","mn":"ADBE Vector Graphic - Stroke","hd":false},{"ty":"fl","c":{"a":0,"k":[0.838999968884,0.411999990426,0.616000007181,1],"ix":4},"o":{"a":0,"k":100,"ix":5},"r":1,"bm":0,"nm":"Fill 1","mn":"ADBE Vector Graphic - Fill","hd":false},{"ty":"tr","p":{"a":0,"k":[38.531,23.332],"ix":2},"a":{"a":0,"k":[0,0],"ix":1},"s":{"a":0,"k":[100,100],"ix":3},"r":{"a":0,"k":0,"ix":6},"o":{"a":0,"k":100,"ix":7},"sk":{"a":0,"k":0,"ix":4},"sa":{"a":0,"k":0,"ix":5},"nm":"Transform"}],"nm":"Group 12","np":3,"cix":2,"bm":0,"ix":12,"mn":"ADBE Vector Group","hd":false}],"ip":0,"op":250,"st":0,"bm":0},{"ddd":0,"ind":4,"ty":4,"nm":"tangan atas Outlines","sr":1,"ks":{"o":{"a":0,"k":100,"ix":11},"r":{"a":0,"k":0,"ix":10},"p":{"a":1,"k":[{"i":{"x":0.667,"y":1},"o":{"x":0.333,"y":0},"t":0,"s":[571.513,505.614,0],"to":[-1.167,0,0],"ti":[1.167,0,0]},{"i":{"x":0.667,"y":0.667},"o":{"x":0.333,"y":0.333},"t":25,"s":[564.513,505.614,0],"to":[0,0,0],"ti":[0,0,0]},{"i":{"x":0.667,"y":1},"o":{"x":0.333,"y":0},"t":100,"s":[564.513,505.614,0],"to":[1.167,0,0],"ti":[-1.167,0,0]},{"t":150,"s":[571.513,505.614,0]}],"ix":2},"a":{"a":0,"k":[35.579,66.088,0],"ix":1},"s":{"a":1,"k":[{"i":{"x":[0.667,0.667,0.667],"y":[1,1,1]},"o":{"x":[0.333,0.333,0.333],"y":[0,0,0]},"t":0,"s":[95,95,100]},{"i":{"x":[0.667,0.667,0.667],"y":[1,1,1]},"o":{"x":[0.333,0.333,0.333],"y":[0,0,0]},"t":25,"s":[100,100,100]},{"i":{"x":[0.667,0.667,0.667],"y":[1,1,1]},"o":{"x":[0.333,0.333,0.333],"y":[0,0,0]},"t":100,"s":[100,100,100]},{"t":150,"s":[95,95,100]}],"ix":6}},"ao":0,"shapes":[{"ty":"gr","it":[{"ind":0,"ty":"sh","ix":1,"ks":{"a":0,"k":{"i":[[1.2,1.172],[-0.638,-0.66],[-0.06,-1.13],[0.092,-0.537],[0.196,-0.516],[0.76,-0.215],[-0.062,0.772],[-0.025,0.456],[0.037,0.358]],"o":[[0.778,-0.336],[0.665,0.643],[0.042,0.564],[-0.085,0.478],[-0.384,1.066],[0.427,-0.915],[0.035,-0.391],[0.001,-0.398],[-0.11,-1.416]],"v":[[-1.735,-4.196],[0.544,-3.585],[1.693,-0.704],[1.593,0.96],[1.193,2.473],[-0.703,4.532],[0.04,2.061],[0.109,0.796],[0.084,-0.343]],"c":true},"ix":2},"nm":"Path 1","mn":"ADBE Vector Shape - Group","hd":false},{"ty":"fl","c":{"a":0,"k":[0,0,0,1],"ix":4},"o":{"a":0,"k":100,"ix":5},"r":1,"bm":0,"nm":"Fill 1","mn":"ADBE Vector Graphic - Fill","hd":false},{"ty":"tr","p":{"a":0,"k":[59.524,105.501],"ix":2},"a":{"a":0,"k":[0,0],"ix":1},"s":{"a":0,"k":[100,100],"ix":3},"r":{"a":0,"k":0,"ix":6},"o":{"a":0,"k":100,"ix":7},"sk":{"a":0,"k":0,"ix":4},"sa":{"a":0,"k":0,"ix":5},"nm":"Transform"}],"nm":"Group 1","np":2,"cix":2,"bm":0,"ix":1,"mn":"ADBE Vector Group","hd":false},{"ty":"gr","it":[{"ind":0,"ty":"sh","ix":1,"ks":{"a":0,"k":{"i":[[1.922,-0.97],[-0.166,-2.228],[-2.041,-0.948],[0.403,5.278]],"o":[[-2.502,1.653],[0.234,3.125],[4.789,2.223],[-0.135,-1.764]],"v":[[-0.733,-6.538],[-4.076,-0.546],[-0.547,5.284],[3.758,-0.773]],"c":true},"ix":2},"nm":"Path 1","mn":"ADBE Vector Shape - Group","hd":false},{"ty":"st","c":{"a":0,"k":[0,0,0,1],"ix":3},"o":{"a":0,"k":100,"ix":4},"w":{"a":0,"k":1,"ix":5},"lc":1,"lj":1,"ml":10,"bm":0,"nm":"Stroke 1","mn":"ADBE Vector Graphic - Stroke","hd":false},{"ty":"tr","p":{"a":0,"k":[23.809,113.748],"ix":2},"a":{"a":0,"k":[0,0],"ix":1},"s":{"a":0,"k":[100,100],"ix":3},"r":{"a":0,"k":0,"ix":6},"o":{"a":0,"k":100,"ix":7},"sk":{"a":0,"k":0,"ix":4},"sa":{"a":0,"k":0,"ix":5},"nm":"Transform"}],"nm":"Group 2","np":2,"cix":2,"bm":0,"ix":2,"mn":"ADBE Vector Group","hd":false},{"ty":"gr","it":[{"ind":0,"ty":"sh","ix":1,"ks":{"a":0,"k":{"i":[[5.456,-0.881],[0,0],[0.717,7.891],[-5.456,0.881],[0,0],[-0.716,-7.891]],"o":[[0,0],[-5.455,0.881],[-0.715,-7.891],[0,0],[5.456,-0.881],[0.716,7.889]],"v":[[17.534,11.725],[-14.93,16.967],[-26.152,4.223],[-17.533,-11.725],[14.93,-16.967],[26.151,-4.222]],"c":true},"ix":2},"nm":"Path 1","mn":"ADBE Vector Shape - Group","hd":false},{"ty":"st","c":{"a":0,"k":[0,0,0,1],"ix":3},"o":{"a":0,"k":100,"ix":4},"w":{"a":0,"k":1.842,"ix":5},"lc":1,"lj":1,"ml":10,"bm":0,"nm":"Stroke 1","mn":"ADBE Vector Graphic - Stroke","hd":false},{"ty":"fl","c":{"a":0,"k":[0.838999968884,0.411999990426,0.616000007181,1],"ix":4},"o":{"a":0,"k":100,"ix":5},"r":1,"bm":0,"nm":"Fill 1","mn":"ADBE Vector Graphic - Fill","hd":false},{"ty":"tr","p":{"a":0,"k":[39.394,109.723],"ix":2},"a":{"a":0,"k":[0,0],"ix":1},"s":{"a":0,"k":[100,100],"ix":3},"r":{"a":0,"k":0,"ix":6},"o":{"a":0,"k":100,"ix":7},"sk":{"a":0,"k":0,"ix":4},"sa":{"a":0,"k":0,"ix":5},"nm":"Transform"}],"nm":"Group 3","np":3,"cix":2,"bm":0,"ix":3,"mn":"ADBE Vector Group","hd":false},{"ty":"gr","it":[{"ind":0,"ty":"sh","ix":1,"ks":{"a":0,"k":{"i":[[-0.121,1.041],[-0.424,-0.612],[-0.159,-0.511],[0.028,-0.498],[0.688,-0.885],[0.734,-0.213],[-0.302,0.691],[0.059,0.769],[0.301,0.882]],"o":[[0.639,0.519],[0.195,0.319],[0.154,0.525],[-0.018,0.99],[-0.675,0.88],[0.614,-0.672],[0.304,-0.681],[-0.074,-0.825],[-0.24,-0.834]],"v":[[-0.615,-4.507],[0.862,-2.754],[1.428,-1.583],[1.57,-0.012],[0.613,3.101],[-1.599,4.507],[-0.068,2.499],[0.204,0.327],[-0.339,-1.73]],"c":true},"ix":2},"nm":"Path 1","mn":"ADBE Vector Shape - Group","hd":false},{"ty":"fl","c":{"a":0,"k":[0,0,0,1],"ix":4},"o":{"a":0,"k":100,"ix":5},"r":1,"bm":0,"nm":"Fill 1","mn":"ADBE Vector Graphic - Fill","hd":false},{"ty":"tr","p":{"a":0,"k":[59.089,77.248],"ix":2},"a":{"a":0,"k":[0,0],"ix":1},"s":{"a":0,"k":[100,100],"ix":3},"r":{"a":0,"k":0,"ix":6},"o":{"a":0,"k":100,"ix":7},"sk":{"a":0,"k":0,"ix":4},"sa":{"a":0,"k":0,"ix":5},"nm":"Transform"}],"nm":"Group 4","np":2,"cix":2,"bm":0,"ix":4,"mn":"ADBE Vector Group","hd":false},{"ty":"gr","it":[{"ind":0,"ty":"sh","ix":1,"ks":{"a":0,"k":{"i":[[2.095,-0.493],[0.397,-4.362],[-1.764,-1.4],[-0.843,5.226]],"o":[[-2.82,1.021],[-0.349,3.823],[4.133,3.282],[0.282,-1.745]],"v":[[0.281,-9.109],[-4.619,-2.68],[-0.619,6.32],[4.686,1.143]],"c":true},"ix":2},"nm":"Path 1","mn":"ADBE Vector Shape - Group","hd":false},{"ty":"st","c":{"a":0,"k":[0,0,0,1],"ix":3},"o":{"a":0,"k":100,"ix":4},"w":{"a":0,"k":1,"ix":5},"lc":1,"lj":1,"ml":10,"bm":0,"nm":"Stroke 1","mn":"ADBE Vector Graphic - Stroke","hd":false},{"ty":"tr","p":{"a":0,"k":[18.186,85.654],"ix":2},"a":{"a":0,"k":[0,0],"ix":1},"s":{"a":0,"k":[100,100],"ix":3},"r":{"a":0,"k":0,"ix":6},"o":{"a":0,"k":100,"ix":7},"sk":{"a":0,"k":0,"ix":4},"sa":{"a":0,"k":0,"ix":5},"nm":"Transform"}],"nm":"Group 5","np":2,"cix":2,"bm":0,"ix":5,"mn":"ADBE Vector Group","hd":false},{"ty":"gr","it":[{"ind":0,"ty":"sh","ix":1,"ks":{"a":0,"k":{"i":[[5.903,-0.934],[0,0],[0.698,7.892],[-5.903,0.935],[0,0],[-0.698,-7.892]],"o":[[0,0],[-5.903,0.934],[-0.699,-7.893],[0,0],[5.903,-0.934],[0.699,7.892]],"v":[[18.834,11.571],[-16.294,17.128],[-28.297,4.477],[-18.834,-11.571],[16.294,-17.128],[28.297,-4.477]],"c":true},"ix":2},"nm":"Path 1","mn":"ADBE Vector Shape - Group","hd":false},{"ty":"st","c":{"a":0,"k":[0,0,0,1],"ix":3},"o":{"a":0,"k":100,"ix":4},"w":{"a":0,"k":1.916,"ix":5},"lc":1,"lj":1,"ml":10,"bm":0,"nm":"Stroke 1","mn":"ADBE Vector Graphic - Stroke","hd":false},{"ty":"fl","c":{"a":0,"k":[0.838999968884,0.411999990426,0.616000007181,1],"ix":4},"o":{"a":0,"k":100,"ix":5},"r":1,"bm":0,"nm":"Fill 1","mn":"ADBE Vector Graphic - Fill","hd":false},{"ty":"tr","p":{"a":0,"k":[37.247,80.936],"ix":2},"a":{"a":0,"k":[0,0],"ix":1},"s":{"a":0,"k":[100,100],"ix":3},"r":{"a":0,"k":0,"ix":6},"o":{"a":0,"k":100,"ix":7},"sk":{"a":0,"k":0,"ix":4},"sa":{"a":0,"k":0,"ix":5},"nm":"Transform"}],"nm":"Group 6","np":3,"cix":2,"bm":0,"ix":6,"mn":"ADBE Vector Group","hd":false},{"ty":"gr","it":[{"ind":0,"ty":"sh","ix":1,"ks":{"a":0,"k":{"i":[[0.159,0.593],[-0.432,-0.215],[-0.124,-0.702],[0.015,-0.304],[0.078,-0.307],[0.416,-0.18],[0.02,0.445],[0.018,0.264],[0.045,0.181],[0.288,0.328]],"o":[[0.429,0.171],[0.427,0.165],[0.076,0.337],[-0.016,0.276],[-0.147,0.632],[0.172,-0.552],[-0.007,-0.226],[-0.026,-0.236],[-0.085,-0.36],[-0.271,-0.306]],"v":[[-1.172,-2.5],[0.052,-2.123],[1.092,-0.672],[1.157,0.304],[1.032,1.198],[0.099,2.5],[0.341,1.035],[0.289,0.313],[0.19,-0.312],[-0.315,-1.237]],"c":true},"ix":2},"nm":"Path 1","mn":"ADBE Vector Shape - Group","hd":false},{"ty":"fl","c":{"a":0,"k":[0,0,0,1],"ix":4},"o":{"a":0,"k":100,"ix":5},"r":1,"bm":0,"nm":"Fill 1","mn":"ADBE Vector Graphic - Fill","hd":false},{"ty":"tr","p":{"a":0,"k":[59.226,47.774],"ix":2},"a":{"a":0,"k":[0,0],"ix":1},"s":{"a":0,"k":[100,100],"ix":3},"r":{"a":0,"k":0,"ix":6},"o":{"a":0,"k":100,"ix":7},"sk":{"a":0,"k":0,"ix":4},"sa":{"a":0,"k":0,"ix":5},"nm":"Transform"}],"nm":"Group 7","np":2,"cix":2,"bm":0,"ix":7,"mn":"ADBE Vector Group","hd":false},{"ty":"gr","it":[{"ind":0,"ty":"sh","ix":1,"ks":{"a":0,"k":{"i":[[2.072,-0.582],[1.239,-4.201],[-1.821,-1.323],[-0.62,5.256]],"o":[[-2.773,1.14],[-0.887,3.006],[4.271,3.103],[0.208,-1.757]],"v":[[0.742,-7.079],[-3.692,-1.842],[-1.351,4.558],[4.37,0.463]],"c":true},"ix":2},"nm":"Path 1","mn":"ADBE Vector Shape - Group","hd":false},{"ty":"st","c":{"a":0,"k":[0,0,0,1],"ix":3},"o":{"a":0,"k":100,"ix":4},"w":{"a":0,"k":1,"ix":5},"lc":1,"lj":1,"ml":10,"bm":0,"nm":"Stroke 1","mn":"ADBE Vector Graphic - Stroke","hd":false},{"ty":"tr","p":{"a":0,"k":[15.814,56.156],"ix":2},"a":{"a":0,"k":[0,0],"ix":1},"s":{"a":0,"k":[100,100],"ix":3},"r":{"a":0,"k":0,"ix":6},"o":{"a":0,"k":100,"ix":7},"sk":{"a":0,"k":0,"ix":4},"sa":{"a":0,"k":0,"ix":5},"nm":"Transform"}],"nm":"Group 8","np":2,"cix":2,"bm":0,"ix":8,"mn":"ADBE Vector Group","hd":false},{"ty":"gr","it":[{"ind":0,"ty":"sh","ix":1,"ks":{"a":0,"k":{"i":[[6.251,-0.975],[0,0],[0.685,7.894],[-6.251,0.975],[0,0],[-0.684,-7.895]],"o":[[0,0],[-6.252,0.975],[-0.685,-7.894],[0,0],[6.251,-0.975],[0.685,7.894]],"v":[[19.845,11.452],[-17.353,17.254],[-29.965,4.675],[-19.844,-11.451],[17.353,-17.254],[29.965,-4.673]],"c":true},"ix":2},"nm":"Path 1","mn":"ADBE Vector Shape - Group","hd":false},{"ty":"st","c":{"a":0,"k":[0,0,0,1],"ix":3},"o":{"a":0,"k":100,"ix":4},"w":{"a":0,"k":1.972,"ix":5},"lc":1,"lj":1,"ml":10,"bm":0,"nm":"Stroke 1","mn":"ADBE Vector Graphic - Stroke","hd":false},{"ty":"fl","c":{"a":0,"k":[0.838999968884,0.411999990426,0.616000007181,1],"ix":4},"o":{"a":0,"k":100,"ix":5},"r":1,"bm":0,"nm":"Fill 1","mn":"ADBE Vector Graphic - Fill","hd":false},{"ty":"tr","p":{"a":0,"k":[35.579,52.091],"ix":2},"a":{"a":0,"k":[0,0],"ix":1},"s":{"a":0,"k":[100,100],"ix":3},"r":{"a":0,"k":0,"ix":6},"o":{"a":0,"k":100,"ix":7},"sk":{"a":0,"k":0,"ix":4},"sa":{"a":0,"k":0,"ix":5},"nm":"Transform"}],"nm":"Group 9","np":3,"cix":2,"bm":0,"ix":9,"mn":"ADBE Vector Group","hd":false},{"ty":"gr","it":[{"ind":0,"ty":"sh","ix":1,"ks":{"a":0,"k":{"i":[[0.175,1.132],[-0.611,-0.75],[-0.331,-1.2],[0.179,-1.145],[0.834,-0.338],[0.082,0.903],[0.213,0.827],[0.405,0.934]],"o":[[0.709,0.665],[0.609,0.727],[0.318,1.214],[-0.154,1.267],[0.355,-1.111],[-0.079,-0.996],[-0.211,-0.836],[-0.403,-0.918]],"v":[[-1.905,-5.651],[0.029,-3.595],[1.563,-0.707],[1.726,2.9],[0.032,5.651],[0.421,2.764],[0.063,0.001],[-0.917,-2.579]],"c":true},"ix":2},"nm":"Path 1","mn":"ADBE Vector Shape - Group","hd":false},{"ty":"fl","c":{"a":0,"k":[0,0,0,1],"ix":4},"o":{"a":0,"k":100,"ix":5},"r":1,"bm":0,"nm":"Fill 1","mn":"ADBE Vector Graphic - Fill","hd":false},{"ty":"tr","p":{"a":0,"k":[60.622,18.899],"ix":2},"a":{"a":0,"k":[0,0],"ix":1},"s":{"a":0,"k":[100,100],"ix":3},"r":{"a":0,"k":0,"ix":6},"o":{"a":0,"k":100,"ix":7},"sk":{"a":0,"k":0,"ix":4},"sa":{"a":0,"k":0,"ix":5},"nm":"Transform"}],"nm":"Group 10","np":2,"cix":2,"bm":0,"ix":10,"mn":"ADBE Vector Group","hd":false},{"ty":"gr","it":[{"ind":0,"ty":"sh","ix":1,"ks":{"a":0,"k":{"i":[[1.922,-0.97],[0.407,-4.361],[-2.043,-0.949],[0.402,5.278]],"o":[[-2.502,1.653],[-0.291,3.121],[4.787,2.222],[-0.135,-1.764]],"v":[[1.378,-6.97],[-4.342,-0.113],[-0.811,5.718],[4.23,-1.897]],"c":true},"ix":2},"nm":"Path 1","mn":"ADBE Vector Shape - Group","hd":false},{"ty":"st","c":{"a":0,"k":[0,0,0,1],"ix":3},"o":{"a":0,"k":100,"ix":4},"w":{"a":0,"k":1,"ix":5},"lc":1,"lj":1,"ml":10,"bm":0,"nm":"Stroke 1","mn":"ADBE Vector Graphic - Stroke","hd":false},{"ty":"tr","p":{"a":0,"k":[18.326,26.191],"ix":2},"a":{"a":0,"k":[0,0],"ix":1},"s":{"a":0,"k":[100,100],"ix":3},"r":{"a":0,"k":0,"ix":6},"o":{"a":0,"k":100,"ix":7},"sk":{"a":0,"k":0,"ix":4},"sa":{"a":0,"k":0,"ix":5},"nm":"Transform"}],"nm":"Group 11","np":2,"cix":2,"bm":0,"ix":11,"mn":"ADBE Vector Group","hd":false},{"ty":"gr","it":[{"ind":0,"ty":"sh","ix":1,"ks":{"a":0,"k":{"i":[[5.903,-0.934],[0,0],[0.698,7.892],[-5.903,0.934],[0,0],[-0.698,-7.892]],"o":[[0,0],[-5.903,0.933],[-0.699,-7.893],[0,0],[5.903,-0.934],[0.699,7.893]],"v":[[18.834,11.571],[-16.294,17.13],[-28.297,4.477],[-18.834,-11.57],[16.294,-17.128],[28.297,-4.477]],"c":true},"ix":2},"nm":"Path 1","mn":"ADBE Vector Shape - Group","hd":false},{"ty":"st","c":{"a":0,"k":[0,0,0,1],"ix":3},"o":{"a":0,"k":100,"ix":4},"w":{"a":0,"k":1.916,"ix":5},"lc":1,"lj":1,"ml":10,"bm":0,"nm":"Stroke 1","mn":"ADBE Vector Graphic - Stroke","hd":false},{"ty":"fl","c":{"a":0,"k":[0.838999968884,0.411999990426,0.616000007181,1],"ix":4},"o":{"a":0,"k":100,"ix":5},"r":1,"bm":0,"nm":"Fill 1","mn":"ADBE Vector Graphic - Fill","hd":false},{"ty":"tr","p":{"a":0,"k":[37.247,22.852],"ix":2},"a":{"a":0,"k":[0,0],"ix":1},"s":{"a":0,"k":[100,100],"ix":3},"r":{"a":0,"k":0,"ix":6},"o":{"a":0,"k":100,"ix":7},"sk":{"a":0,"k":0,"ix":4},"sa":{"a":0,"k":0,"ix":5},"nm":"Transform"}],"nm":"Group 12","np":3,"cix":2,"bm":0,"ix":12,"mn":"ADBE Vector Group","hd":false}],"ip":0,"op":250,"st":0,"bm":0},{"ddd":0,"ind":6,"ty":4,"nm":"garis tembok Outlines","sr":1,"ks":{"o":{"a":0,"k":100,"ix":11},"r":{"a":0,"k":0,"ix":10},"p":{"a":0,"k":[570.749,540,0],"ix":2},"a":{"a":0,"k":[0.958,480.958,0],"ix":1},"s":{"a":0,"k":[100,100,100],"ix":6}},"ao":0,"shapes":[{"ty":"gr","it":[{"ind":0,"ty":"sh","ix":1,"ks":{"a":0,"k":{"i":[[0,0],[0,0]],"o":[[0,0],[0,0]],"v":[[0.958,0.958],[0.958,960.958]],"c":false},"ix":2},"nm":"Path 1","mn":"ADBE Vector Shape - Group","hd":false},{"ty":"st","c":{"a":0,"k":[0,0,0,1],"ix":3},"o":{"a":0,"k":100,"ix":4},"w":{"a":0,"k":1.916,"ix":5},"lc":1,"lj":1,"ml":10,"bm":0,"nm":"Stroke 1","mn":"ADBE Vector Graphic - Stroke","hd":false},{"ty":"tr","p":{"a":0,"k":[0,0],"ix":2},"a":{"a":0,"k":[0,0],"ix":1},"s":{"a":0,"k":[100,100],"ix":3},"r":{"a":0,"k":0,"ix":6},"o":{"a":0,"k":100,"ix":7},"sk":{"a":0,"k":0,"ix":4},"sa":{"a":0,"k":0,"ix":5},"nm":"Transform"}],"nm":"Group 1","np":2,"cix":2,"bm":0,"ix":1,"mn":"ADBE Vector Group","hd":false}],"ip":0,"op":250,"st":0,"bm":0},{"ddd":0,"ind":8,"ty":4,"nm":"tembok putih Outlines","sr":1,"ks":{"o":{"a":0,"k":100,"ix":11},"r":{"a":0,"k":0,"ix":10},"p":{"a":0,"k":[285.853,540,0],"ix":2},"a":{"a":0,"k":[286.103,540.25,0],"ix":1},"s":{"a":0,"k":[100,100,100],"ix":6}},"ao":0,"shapes":[{"ty":"gr","it":[{"ind":0,"ty":"sh","ix":1,"ks":{"a":0,"k":{"i":[[0,0],[0,0],[0,0],[0,0]],"o":[[0,0],[0,0],[0,0],[0,0]],"v":[[-285.853,540],[285.853,540],[285.853,-540],[-285.853,-540]],"c":true},"ix":2},"nm":"Path 1","mn":"ADBE Vector Shape - Group","hd":false},{"ty":"fl","c":{"a":0,"k":[1,1,1,1],"ix":4},"o":{"a":0,"k":100,"ix":5},"r":1,"bm":0,"nm":"Fill 1","mn":"ADBE Vector Graphic - Fill","hd":false},{"ty":"tr","p":{"a":0,"k":[286.103,540.25],"ix":2},"a":{"a":0,"k":[0,0],"ix":1},"s":{"a":0,"k":[100,100],"ix":3},"r":{"a":0,"k":0,"ix":6},"o":{"a":0,"k":100,"ix":7},"sk":{"a":0,"k":0,"ix":4},"sa":{"a":0,"k":0,"ix":5},"nm":"Transform"}],"nm":"Group 1","np":2,"cix":2,"bm":0,"ix":1,"mn":"ADBE Vector Group","hd":false}],"ip":0,"op":250,"st":0,"bm":0},{"ddd":0,"ind":10,"ty":4,"nm":"garis tangan atas Outlines","sr":1,"ks":{"o":{"a":0,"k":100,"ix":11},"r":{"a":0,"k":0,"ix":10},"p":{"a":0,"k":[543.477,610.539,0],"ix":2},"a":{"a":0,"k":[41.643,50.419,0],"ix":1},"s":{"a":0,"k":[100,100,100],"ix":6}},"ao":0,"shapes":[{"ty":"gr","it":[{"ind":0,"ty":"sh","ix":1,"ks":{"a":0,"k":{"i":[[0,0],[0,0]],"o":[[0,0],[0,0]],"v":[[40.685,-49.461],[-40.685,49.461]],"c":false},"ix":2},"nm":"Path 1","mn":"ADBE Vector Shape - Group","hd":false},{"ty":"st","c":{"a":0,"k":[0,0,0,1],"ix":3},"o":{"a":0,"k":100,"ix":4},"w":{"a":0,"k":1.916,"ix":5},"lc":1,"lj":1,"ml":10,"bm":0,"nm":"Stroke 1","mn":"ADBE Vector Graphic - Stroke","hd":false},{"ty":"tr","p":{"a":0,"k":[41.643,50.419],"ix":2},"a":{"a":0,"k":[0,0],"ix":1},"s":{"a":0,"k":[100,100],"ix":3},"r":{"a":0,"k":0,"ix":6},"o":{"a":0,"k":100,"ix":7},"sk":{"a":0,"k":0,"ix":4},"sa":{"a":0,"k":0,"ix":5},"nm":"Transform"}],"nm":"Group 1","np":2,"cix":2,"bm":0,"ix":1,"mn":"ADBE Vector Group","hd":false}],"ip":0,"op":250,"st":0,"bm":0},{"ddd":0,"ind":12,"ty":4,"nm":"garis lengan Outlines","sr":1,"ks":{"o":{"a":0,"k":100,"ix":11},"r":{"a":1,"k":[{"i":{"x":[0.667],"y":[1]},"o":{"x":[0.333],"y":[0]},"t":0,"s":[-10]},{"i":{"x":[0.667],"y":[1]},"o":{"x":[0.333],"y":[0]},"t":25,"s":[2]},{"t":100,"s":[-10]}],"ix":10},"p":{"a":1,"k":[{"i":{"x":0.667,"y":1},"o":{"x":0.333,"y":0},"t":0,"s":[585.617,652.096,0],"to":[4.617,0,0],"ti":[0,0,0]},{"i":{"x":0.667,"y":1},"o":{"x":0.333,"y":0},"t":25,"s":[613.318,652.096,0],"to":[0,0,0],"ti":[4.617,0,0]},{"t":100,"s":[585.617,652.096,0]}],"ix":2},"a":{"a":0,"k":[26.826,59.401,0],"ix":1},"s":{"a":0,"k":[100,100,100],"ix":6}},"ao":0,"shapes":[{"ty":"gr","it":[{"ind":0,"ty":"sh","ix":1,"ks":{"a":0,"k":{"i":[[0,0],[0,0]],"o":[[0,0],[0,0]],"v":[[25.868,-58.444],[-50.691,35.296]],"c":false},"ix":2},"nm":"Path 1","mn":"ADBE Vector Shape - Group","hd":false},{"ty":"st","c":{"a":0,"k":[0,0,0,1],"ix":3},"o":{"a":0,"k":100,"ix":4},"w":{"a":0,"k":1.916,"ix":5},"lc":1,"lj":1,"ml":10,"bm":0,"nm":"Stroke 1","mn":"ADBE Vector Graphic - Stroke","hd":false},{"ty":"tr","p":{"a":0,"k":[26.826,59.402],"ix":2},"a":{"a":0,"k":[0,0],"ix":1},"s":{"a":0,"k":[100,100],"ix":3},"r":{"a":0,"k":0,"ix":6},"o":{"a":0,"k":100,"ix":7},"sk":{"a":0,"k":0,"ix":4},"sa":{"a":0,"k":0,"ix":5},"nm":"Transform"}],"nm":"Group 1","np":2,"cix":2,"bm":0,"ix":1,"mn":"ADBE Vector Group","hd":false}],"ip":0,"op":250,"st":0,"bm":0},{"ddd":0,"ind":14,"ty":4,"nm":"mulut Outlines","sr":1,"ks":{"o":{"a":0,"k":100,"ix":11},"r":{"a":1,"k":[{"i":{"x":[0.667],"y":[1]},"o":{"x":[0.333],"y":[0]},"t":0,"s":[-5]},{"i":{"x":[0.667],"y":[1]},"o":{"x":[0.333],"y":[0]},"t":25,"s":[0]},{"i":{"x":[0.667],"y":[1]},"o":{"x":[0.333],"y":[0]},"t":50,"s":[0]},{"t":100,"s":[-5]}],"ix":10},"p":{"a":1,"k":[{"i":{"x":0.667,"y":1},"o":{"x":0.333,"y":0},"t":0,"s":[544.743,375.21,0],"to":[8.667,0,0],"ti":[-8.667,0,0]},{"i":{"x":0.667,"y":0.667},"o":{"x":0.333,"y":0.333},"t":25,"s":[596.743,375.21,0],"to":[0,0,0],"ti":[0,0,0]},{"i":{"x":0.667,"y":1},"o":{"x":0.333,"y":0},"t":50,"s":[596.743,375.21,0],"to":[-8.667,0,0],"ti":[8.667,0,0]},{"t":100,"s":[544.743,375.21,0]}],"ix":2},"a":{"a":0,"k":[8.873,8.873,0],"ix":1},"s":{"a":1,"k":[{"i":{"x":[0.667,0.667,0.667],"y":[1,1,1]},"o":{"x":[0.333,0.333,0.333],"y":[0,0,0]},"t":0,"s":[20,20,100]},{"i":{"x":[0.667,0.667,0.667],"y":[1,1,1]},"o":{"x":[0.333,0.333,0.333],"y":[0,0,0]},"t":25,"s":[100,100,100]},{"i":{"x":[0.833,0.833,0.833],"y":[1,1,1]},"o":{"x":[0.333,0.333,0.333],"y":[0,0,0]},"t":50,"s":[100,100,100]},{"i":{"x":[0.667,0.667,0.667],"y":[1,1,1]},"o":{"x":[0.167,0.167,0.167],"y":[0,0,0]},"t":75,"s":[21,21,100]},{"t":100,"s":[20,20,100]}],"ix":6}},"ao":0,"shapes":[{"ty":"gr","it":[{"ind":0,"ty":"sh","ix":1,"ks":{"a":0,"k":{"i":[[0,-4.762],[4.762,0],[0,4.762],[-4.763,0]],"o":[[0,4.762],[-4.763,0],[0,-4.762],[4.762,0]],"v":[[8.623,0],[0.001,8.623],[-8.623,0],[0.001,-8.623]],"c":true},"ix":2},"nm":"Path 1","mn":"ADBE Vector Shape - Group","hd":false},{"ty":"fl","c":{"a":0,"k":[0,0,0,1],"ix":4},"o":{"a":0,"k":100,"ix":5},"r":1,"bm":0,"nm":"Fill 1","mn":"ADBE Vector Graphic - Fill","hd":false},{"ty":"tr","p":{"a":0,"k":[8.872,8.873],"ix":2},"a":{"a":0,"k":[0,0],"ix":1},"s":{"a":0,"k":[100,100],"ix":3},"r":{"a":0,"k":0,"ix":6},"o":{"a":0,"k":100,"ix":7},"sk":{"a":0,"k":0,"ix":4},"sa":{"a":0,"k":0,"ix":5},"nm":"Transform"}],"nm":"Group 1","np":2,"cix":2,"bm":0,"ix":1,"mn":"ADBE Vector Group","hd":false}],"ip":0,"op":250,"st":0,"bm":0},{"ddd":0,"ind":16,"ty":4,"nm":"hidung Outlines","sr":1,"ks":{"o":{"a":0,"k":100,"ix":11},"r":{"a":1,"k":[{"i":{"x":[0.667],"y":[1]},"o":{"x":[0.333],"y":[0]},"t":0,"s":[-5]},{"i":{"x":[0.667],"y":[1]},"o":{"x":[0.333],"y":[0]},"t":25,"s":[0]},{"i":{"x":[0.667],"y":[1]},"o":{"x":[0.333],"y":[0]},"t":50,"s":[0]},{"t":100,"s":[-5]}],"ix":10},"p":{"a":1,"k":[{"i":{"x":0.667,"y":1},"o":{"x":0.333,"y":0},"t":0,"s":[551.479,349.796,0],"to":[8.667,0,0],"ti":[-8.667,0,0]},{"i":{"x":0.667,"y":0.667},"o":{"x":0.333,"y":0.333},"t":25,"s":[603.479,349.796,0],"to":[0,0,0],"ti":[0,0,0]},{"i":{"x":0.667,"y":1},"o":{"x":0.333,"y":0},"t":50,"s":[603.479,349.796,0],"to":[-8.667,0,0],"ti":[8.667,0,0]},{"t":100,"s":[551.479,349.796,0]}],"ix":2},"a":{"a":0,"k":[10.089,16.263,0],"ix":1},"s":{"a":0,"k":[100,100,100],"ix":6}},"ao":0,"shapes":[{"ty":"gr","it":[{"ind":0,"ty":"sh","ix":1,"ks":{"a":0,"k":{"i":[[0,0],[1.333,-6.608],[2.849,1.123]],"o":[[0.538,6.623],[-3.024,-0.76],[0,0]],"v":[[4.762,-11.473],[3.25,11.473],[-5.299,8.168]],"c":false},"ix":2},"nm":"Path 1","mn":"ADBE Vector Shape - Group","hd":false},{"ty":"st","c":{"a":0,"k":[0,0,0,1],"ix":3},"o":{"a":0,"k":100,"ix":4},"w":{"a":0,"k":1.916,"ix":5},"lc":1,"lj":1,"ml":10,"bm":0,"nm":"Stroke 1","mn":"ADBE Vector Graphic - Stroke","hd":false},{"ty":"tr","p":{"a":0,"k":[10.089,16.263],"ix":2},"a":{"a":0,"k":[0,0],"ix":1},"s":{"a":0,"k":[100,100],"ix":3},"r":{"a":0,"k":0,"ix":6},"o":{"a":0,"k":100,"ix":7},"sk":{"a":0,"k":0,"ix":4},"sa":{"a":0,"k":0,"ix":5},"nm":"Transform"}],"nm":"Group 1","np":2,"cix":2,"bm":0,"ix":1,"mn":"ADBE Vector Group","hd":false}],"ip":0,"op":250,"st":0,"bm":0},{"ddd":0,"ind":18,"ty":4,"nm":"mata kanan Outlines","sr":1,"ks":{"o":{"a":0,"k":100,"ix":11},"r":{"a":1,"k":[{"i":{"x":[0.667],"y":[1]},"o":{"x":[0.333],"y":[0]},"t":0,"s":[-5]},{"i":{"x":[0.667],"y":[1]},"o":{"x":[0.333],"y":[0]},"t":25,"s":[0]},{"i":{"x":[0.667],"y":[1]},"o":{"x":[0.333],"y":[0]},"t":50,"s":[0]},{"t":100,"s":[-5]}],"ix":10},"p":{"a":1,"k":[{"i":{"x":0.667,"y":1},"o":{"x":0.333,"y":0},"t":0,"s":[576.359,342.395,0],"to":[8.667,0,0],"ti":[-8.667,0,0]},{"i":{"x":0.667,"y":0.667},"o":{"x":0.333,"y":0.333},"t":25,"s":[628.359,342.395,0],"to":[0,0,0],"ti":[0,0,0]},{"i":{"x":0.667,"y":1},"o":{"x":0.333,"y":0},"t":50,"s":[628.359,342.395,0],"to":[-8.667,0,0],"ti":[8.667,0,0]},{"t":100,"s":[576.359,342.395,0]}],"ix":2},"a":{"a":0,"k":[15.329,8.862,0],"ix":1},"s":{"a":1,"k":[{"i":{"x":[0.667,0.667,0.667],"y":[1,1,1]},"o":{"x":[0.333,0.333,0.333],"y":[0,0,0]},"t":0,"s":[50,50,100]},{"i":{"x":[0.667,0.667,0.667],"y":[1,1,1]},"o":{"x":[0.333,0.333,0.333],"y":[0,0,0]},"t":38,"s":[100,100,100]},{"t":100,"s":[50,50,100]}],"ix":6}},"ao":0,"shapes":[{"ty":"gr","it":[{"ind":0,"ty":"sh","ix":1,"ks":{"a":1,"k":[{"i":{"x":0.667,"y":1},"o":{"x":0.333,"y":0},"t":8,"s":[{"i":[[0,0],[9.442,5.569]],"o":[[-9.537,-6.103],[0,0]],"v":[[10.539,4.072],[-10.539,-4.072]],"c":false}]},{"t":23,"s":[{"i":[[0,0],[10.032,0.574]],"o":[[-4.825,-7.24],[0,0]],"v":[[9.75,6.166],[-10.539,-4.072]],"c":false}]}],"ix":2},"nm":"Path 1","mn":"ADBE Vector Shape - Group","hd":false},{"ty":"st","c":{"a":0,"k":[0,0,0,1],"ix":3},"o":{"a":0,"k":100,"ix":4},"w":{"a":0,"k":1.916,"ix":5},"lc":1,"lj":1,"ml":10,"bm":0,"nm":"Stroke 1","mn":"ADBE Vector Graphic - Stroke","hd":false},{"ty":"tr","p":{"a":0,"k":[15.329,8.862],"ix":2},"a":{"a":0,"k":[0,0],"ix":1},"s":{"a":0,"k":[100,100],"ix":3},"r":{"a":0,"k":0,"ix":6},"o":{"a":0,"k":100,"ix":7},"sk":{"a":0,"k":0,"ix":4},"sa":{"a":0,"k":0,"ix":5},"nm":"Transform"}],"nm":"Group 1","np":2,"cix":2,"bm":0,"ix":1,"mn":"ADBE Vector Group","hd":false}],"ip":0,"op":250,"st":0,"bm":0},{"ddd":0,"ind":20,"ty":4,"nm":"mata kiri Outlines","sr":1,"ks":{"o":{"a":0,"k":100,"ix":11},"r":{"a":1,"k":[{"i":{"x":[0.667],"y":[1]},"o":{"x":[0.333],"y":[0]},"t":0,"s":[-5]},{"i":{"x":[0.667],"y":[1]},"o":{"x":[0.333],"y":[0]},"t":25,"s":[0]},{"i":{"x":[0.667],"y":[1]},"o":{"x":[0.333],"y":[0]},"t":50,"s":[0]},{"t":100,"s":[-5]}],"ix":10},"p":{"a":1,"k":[{"i":{"x":0.667,"y":1},"o":{"x":0.333,"y":0},"t":0,"s":[534.204,327.066,0],"to":[8.667,0,0],"ti":[-8.667,0,0]},{"i":{"x":0.667,"y":0.667},"o":{"x":0.333,"y":0.333},"t":25,"s":[586.204,327.066,0],"to":[0,0,0],"ti":[0,0,0]},{"i":{"x":0.667,"y":1},"o":{"x":0.333,"y":0},"t":50,"s":[586.204,327.066,0],"to":[-8.667,0,0],"ti":[8.667,0,0]},{"t":100,"s":[534.204,327.066,0]}],"ix":2},"a":{"a":0,"k":[15.329,8.862,0],"ix":1},"s":{"a":1,"k":[{"i":{"x":[0.667,0.667,0.667],"y":[1,1,1]},"o":{"x":[0.167,0.167,0.167],"y":[0.167,0.167,0]},"t":0,"s":[2,2,100]},{"i":{"x":[0.667,0.667,0.667],"y":[1,1,1]},"o":{"x":[0.333,0.333,0.333],"y":[0,0,0]},"t":38,"s":[100,100,100]},{"t":100,"s":[2,2,100]}],"ix":6}},"ao":0,"shapes":[{"ty":"gr","it":[{"ind":0,"ty":"sh","ix":1,"ks":{"a":1,"k":[{"i":{"x":0.833,"y":0.833},"o":{"x":0.167,"y":0.167},"t":18,"s":[{"i":[[0,0],[9.442,5.569]],"o":[[-9.537,-6.103],[0,0]],"v":[[10.525,4.886],[-10.553,-3.258]],"c":false}]},{"t":37,"s":[{"i":[[0,0],[8.846,0.187]],"o":[[-9.537,-6.103],[0,0]],"v":[[10.525,4.886],[-10.553,-3.258]],"c":false}]}],"ix":2},"nm":"Path 1","mn":"ADBE Vector Shape - Group","hd":false},{"ty":"st","c":{"a":0,"k":[0,0,0,1],"ix":3},"o":{"a":0,"k":100,"ix":4},"w":{"a":0,"k":1.916,"ix":5},"lc":1,"lj":1,"ml":10,"bm":0,"nm":"Stroke 1","mn":"ADBE Vector Graphic - Stroke","hd":false},{"ty":"tr","p":{"a":0,"k":[15.329,8.862],"ix":2},"a":{"a":0,"k":[0,0],"ix":1},"s":{"a":0,"k":[100,100],"ix":3},"r":{"a":0,"k":0,"ix":6},"o":{"a":0,"k":100,"ix":7},"sk":{"a":0,"k":0,"ix":4},"sa":{"a":0,"k":0,"ix":5},"nm":"Transform"}],"nm":"Group 1","np":2,"cix":2,"bm":0,"ix":1,"mn":"ADBE Vector Group","hd":false}],"ip":0,"op":250,"st":0,"bm":0},{"ddd":0,"ind":22,"ty":0,"nm":"rambut","refId":"comp_1","sr":1,"ks":{"o":{"a":0,"k":100,"ix":11},"r":{"a":0,"k":0,"ix":10},"p":{"a":0,"k":[540,540,0],"ix":2},"a":{"a":0,"k":[540,540,0],"ix":1},"s":{"a":0,"k":[100,100,100],"ix":6}},"ao":0,"w":1080,"h":1080,"ip":0,"op":250,"st":0,"bm":0},{"ddd":0,"ind":24,"ty":4,"nm":"muka Outlines","sr":1,"ks":{"o":{"a":0,"k":100,"ix":11},"r":{"a":1,"k":[{"i":{"x":[0.667],"y":[1]},"o":{"x":[0.333],"y":[0]},"t":0,"s":[-5]},{"i":{"x":[0.667],"y":[1]},"o":{"x":[0.333],"y":[0]},"t":25,"s":[0]},{"i":{"x":[0.667],"y":[1]},"o":{"x":[0.333],"y":[0]},"t":50,"s":[0]},{"t":100,"s":[-5]}],"ix":10},"p":{"a":1,"k":[{"i":{"x":0.667,"y":1},"o":{"x":0.333,"y":0},"t":0,"s":[533.246,333.054,0],"to":[8.667,0,0],"ti":[-8.667,0,0]},{"i":{"x":0.667,"y":0.667},"o":{"x":0.333,"y":0.333},"t":25,"s":[585.246,333.054,0],"to":[0,0,0],"ti":[0,0,0]},{"i":{"x":0.667,"y":1},"o":{"x":0.333,"y":0},"t":50,"s":[585.246,333.054,0],"to":[-8.667,0,0],"ti":[8.667,0,0]},{"t":100,"s":[533.246,333.054,0]}],"ix":2},"a":{"a":0,"k":[71.856,71.856,0],"ix":1},"s":{"a":0,"k":[100,100,100],"ix":6}},"ao":0,"shapes":[{"ty":"gr","it":[{"ind":0,"ty":"sh","ix":1,"ks":{"a":0,"k":{"i":[[0,37.04],[-37.04,0],[0,-37.039],[37.039,0]],"o":[[0,-37.039],[37.039,0],[0,37.04],[-37.04,0]],"v":[[-67.066,0],[0,-67.066],[67.066,0],[0,67.066]],"c":true},"ix":2},"nm":"Path 1","mn":"ADBE Vector Shape - Group","hd":false},{"ty":"st","c":{"a":0,"k":[0,0,0,1],"ix":3},"o":{"a":0,"k":100,"ix":4},"w":{"a":0,"k":1.916,"ix":5},"lc":1,"lj":1,"ml":10,"bm":0,"nm":"Stroke 1","mn":"ADBE Vector Graphic - Stroke","hd":false},{"ty":"fl","c":{"a":0,"k":[0.838999968884,0.411999990426,0.616000007181,1],"ix":4},"o":{"a":0,"k":100,"ix":5},"r":1,"bm":0,"nm":"Fill 1","mn":"ADBE Vector Graphic - Fill","hd":false},{"ty":"tr","p":{"a":0,"k":[71.856,71.856],"ix":2},"a":{"a":0,"k":[0,0],"ix":1},"s":{"a":0,"k":[100,100],"ix":3},"r":{"a":0,"k":0,"ix":6},"o":{"a":0,"k":100,"ix":7},"sk":{"a":0,"k":0,"ix":4},"sa":{"a":0,"k":0,"ix":5},"nm":"Transform"}],"nm":"Group 1","np":3,"cix":2,"bm":0,"ix":1,"mn":"ADBE Vector Group","hd":false}],"ip":0,"op":250,"st":0,"bm":0},{"ddd":0,"ind":26,"ty":4,"nm":"bayangan leher Outlines","sr":1,"ks":{"o":{"a":0,"k":100,"ix":11},"r":{"a":0,"k":0,"ix":10},"p":{"a":1,"k":[{"i":{"x":0.667,"y":0.8},"o":{"x":0.333,"y":0},"t":0,"s":[552.462,406.601,0],"to":[1.191,0,0],"ti":[-2.43,0.63,0]},{"i":{"x":0.667,"y":1},"o":{"x":0.333,"y":0.376},"t":4,"s":[558.071,398.705,0],"to":[0.259,-0.067,0],"ti":[-4.015,0,0]},{"i":{"x":0.667,"y":1},"o":{"x":0.333,"y":0},"t":25,"s":[584.462,406.601,0],"to":[5.333,0,0],"ti":[-4.015,0,0]},{"i":{"x":0.667,"y":0.523},"o":{"x":0.333,"y":0},"t":50,"s":[584.462,406.601,0],"to":[5.333,0,0],"ti":[-2.43,0.63,0]},{"i":{"x":0.667,"y":1},"o":{"x":0.333,"y":0.206},"t":78,"s":[558.071,398.705,0],"to":[0.259,-0.067,0],"ti":[-5.333,0,0]},{"t":83,"s":[552.462,406.601,0]}],"ix":2},"a":{"a":0,"k":[17.237,7.839,0],"ix":1},"s":{"a":0,"k":[100,100,100],"ix":6}},"ao":0,"shapes":[{"ty":"gr","it":[{"ind":0,"ty":"sh","ix":1,"ks":{"a":0,"k":{"i":[[-0.149,-1.437],[12.013,15.178],[-21.078,3.832]],"o":[[0,0],[0,0],[0,0]],"v":[[16.838,4.537],[-16.987,-7.589],[16.987,-7.439]],"c":true},"ix":2},"nm":"Path 1","mn":"ADBE Vector Shape - Group","hd":false},{"ty":"fl","c":{"a":0,"k":[0,0,0,1],"ix":4},"o":{"a":0,"k":100,"ix":5},"r":1,"bm":0,"nm":"Fill 1","mn":"ADBE Vector Graphic - Fill","hd":false},{"ty":"tr","p":{"a":0,"k":[17.237,7.839],"ix":2},"a":{"a":0,"k":[0,0],"ix":1},"s":{"a":0,"k":[100,100],"ix":3},"r":{"a":0,"k":0,"ix":6},"o":{"a":0,"k":100,"ix":7},"sk":{"a":0,"k":0,"ix":4},"sa":{"a":0,"k":0,"ix":5},"nm":"Transform"}],"nm":"Group 1","np":2,"cix":2,"bm":0,"ix":1,"mn":"ADBE Vector Group","hd":false}],"ip":0,"op":250,"st":0,"bm":0},{"ddd":0,"ind":28,"ty":4,"nm":"leher Outlines","sr":1,"ks":{"o":{"a":0,"k":100,"ix":11},"r":{"a":0,"k":0,"ix":10},"p":{"a":1,"k":[{"i":{"x":0.667,"y":0.8},"o":{"x":0.333,"y":0},"t":0,"s":[524.419,427.57,0],"to":[1.191,0,0],"ti":[-2.43,0.63,0]},{"i":{"x":0.667,"y":1},"o":{"x":0.333,"y":0.376},"t":4,"s":[530.028,419.674,0],"to":[0.259,-0.067,0],"ti":[-4.016,0,0]},{"i":{"x":0.667,"y":1},"o":{"x":0.333,"y":0},"t":25,"s":[556.419,427.57,0],"to":[5.333,0,0],"ti":[-4.016,0,0]},{"i":{"x":0.667,"y":0.523},"o":{"x":0.333,"y":0},"t":50,"s":[556.419,427.57,0],"to":[5.333,0,0],"ti":[-2.43,0.63,0]},{"i":{"x":0.667,"y":1},"o":{"x":0.333,"y":0.247},"t":78,"s":[530.028,419.674,0],"to":[0.259,-0.067,0],"ti":[-5.333,0,0]},{"t":84,"s":[524.419,427.57,0]}],"ix":2},"a":{"a":0,"k":[59.4,37.699,0],"ix":1},"s":{"a":0,"k":[100,100,100],"ix":6}},"ao":0,"shapes":[{"ty":"gr","it":[{"ind":0,"ty":"sh","ix":1,"ks":{"a":0,"k":{"i":[[-28.892,8.074],[70.898,0],[0,0],[0,0]],"o":[[0,0],[0,0],[0,0],[0,0]],"v":[[44.881,-29.915],[-16.288,32.909],[-54.61,-7.33],[0.3,-32.909]],"c":true},"ix":2},"nm":"Path 1","mn":"ADBE Vector Shape - Group","hd":false},{"ty":"st","c":{"a":0,"k":[0,0,0,1],"ix":3},"o":{"a":0,"k":100,"ix":4},"w":{"a":0,"k":1.916,"ix":5},"lc":1,"lj":1,"ml":10,"bm":0,"nm":"Stroke 1","mn":"ADBE Vector Graphic - Stroke","hd":false},{"ty":"fl","c":{"a":0,"k":[0.838999968884,0.411999990426,0.616000007181,1],"ix":4},"o":{"a":0,"k":100,"ix":5},"r":1,"bm":0,"nm":"Fill 1","mn":"ADBE Vector Graphic - Fill","hd":false},{"ty":"tr","p":{"a":0,"k":[59.4,37.699],"ix":2},"a":{"a":0,"k":[0,0],"ix":1},"s":{"a":0,"k":[100,100],"ix":3},"r":{"a":0,"k":0,"ix":6},"o":{"a":0,"k":100,"ix":7},"sk":{"a":0,"k":0,"ix":4},"sa":{"a":0,"k":0,"ix":5},"nm":"Transform"}],"nm":"Group 1","np":3,"cix":2,"bm":0,"ix":1,"mn":"ADBE Vector Group","hd":false}],"ip":0,"op":250,"st":0,"bm":0},{"ddd":0,"ind":30,"ty":4,"nm":"badan Outlines","sr":1,"ks":{"o":{"a":0,"k":100,"ix":11},"r":{"a":1,"k":[{"i":{"x":[0.667],"y":[1]},"o":{"x":[0.333],"y":[0]},"t":0,"s":[-12]},{"i":{"x":[0.667],"y":[1]},"o":{"x":[0.167],"y":[0]},"t":34,"s":[-5]},{"t":123,"s":[-12]}],"ix":10},"p":{"a":1,"k":[{"i":{"x":0.667,"y":1},"o":{"x":0.333,"y":0},"t":0,"s":[524.857,630.994,0],"to":[2.833,0,0],"ti":[0,0,0]},{"i":{"x":0.667,"y":1},"o":{"x":0.167,"y":0},"t":34,"s":[541.857,630.994,0],"to":[0,0,0],"ti":[2.833,0,0]},{"t":123,"s":[524.857,630.994,0]}],"ix":2},"a":{"a":0,"k":[239.042,227.544,0],"ix":1},"s":{"a":0,"k":[100,100,100],"ix":6}},"ao":0,"shapes":[{"ty":"gr","it":[{"ind":0,"ty":"sh","ix":1,"ks":{"a":0,"k":{"i":[[0,0],[0,0],[49.821,-109.221],[0,0],[0,0],[0,0],[0,0]],"o":[[0,0],[0,0],[-28.947,63.46],[0,0],[0,0],[0,0],[0,0]],"v":[[40.032,-215.424],[142.275,-162.395],[184.431,-11.018],[-5.714,229.625],[-234.252,124.072],[-149.94,-119.281],[-13.893,-222.754]],"c":true},"ix":2},"nm":"Path 1","mn":"ADBE Vector Shape - Group","hd":false},{"ty":"st","c":{"a":0,"k":[0,0,0,1],"ix":3},"o":{"a":0,"k":100,"ix":4},"w":{"a":0,"k":1.916,"ix":5},"lc":1,"lj":1,"ml":10,"bm":0,"nm":"Stroke 1","mn":"ADBE Vector Graphic - Stroke","hd":false},{"ty":"fl","c":{"a":0,"k":[0,0.663000009574,0.616000007181,1],"ix":4},"o":{"a":0,"k":100,"ix":5},"r":1,"bm":0,"nm":"Fill 1","mn":"ADBE Vector Graphic - Fill","hd":false},{"ty":"tr","p":{"a":0,"k":[239.042,227.544],"ix":2},"a":{"a":0,"k":[0,0],"ix":1},"s":{"a":0,"k":[100,100],"ix":3},"r":{"a":0,"k":0,"ix":6},"o":{"a":0,"k":100,"ix":7},"sk":{"a":0,"k":0,"ix":4},"sa":{"a":0,"k":0,"ix":5},"nm":"Transform"}],"nm":"Group 1","np":3,"cix":2,"bm":0,"ix":1,"mn":"ADBE Vector Group","hd":false}],"ip":0,"op":250,"st":0,"bm":0}],"markers":[]}