{"v":"5.7.8","fr":29.9700012207031,"ip":0,"op":80.0000032584668,"w":1090,"h":440,"nm":"preloader3","ddd":0,"assets":[],"fonts":{"list":[{"fName":"Canela-Thin","fFamily":"Canela","fStyle":"Thin","ascent":77.899169921875}]},"layers":[{"ddd":0,"ind":1,"ty":3,"nm":"Null 5","sr":1,"ks":{"o":{"a":0,"k":0,"ix":11},"r":{"a":0,"k":0,"ix":10},"p":{"a":0,"k":[545,231,0],"ix":2,"l":2},"a":{"a":0,"k":[0,0,0],"ix":1,"l":2},"s":{"a":0,"k":[100,100,100],"ix":6,"l":2}},"ao":0,"ip":0,"op":150.000006109625,"st":0,"bm":0},{"ddd":0,"ind":2,"ty":5,"nm":"Please Wait... 2","sr":1,"ks":{"o":{"a":0,"k":100,"ix":11},"r":{"a":0,"k":0,"ix":10},"p":{"a":0,"k":[544.5,220,0],"ix":2,"l":2},"a":{"a":0,"k":[0.148,-81.173,0],"ix":1,"l":2},"s":{"a":0,"k":[100,100,100],"ix":6,"l":2}},"ao":0,"t":{"d":{"k":[{"s":{"s":211,"f":"Canela-Thin","t":"Please Wait...","ca":0,"j":2,"tr":0,"lh":253.2,"ls":0,"fc":[0,0,0]},"t":0}]},"p":{},"m":{"g":1,"a":{"a":0,"k":[0,0],"ix":2}},"a":[{"nm":"position 1","s":{"t":0,"xe":{"a":0,"k":100,"ix":7},"ne":{"a":0,"k":0,"ix":8},"a":{"a":0,"k":100,"ix":4},"b":1,"rn":0,"sh":3,"o":{"a":1,"k":[{"i":{"x":[0.833],"y":[0.833]},"o":{"x":[0.167],"y":[0.167]},"t":40,"s":[-100]},{"t":70.0000028511585,"s":[50]}],"ix":3},"r":1},"a":{"p":{"a":0,"k":[0,-160,0],"ix":2}}},{"nm":"position 2","s":{"t":0,"xe":{"a":0,"k":50,"ix":7},"ne":{"a":0,"k":50,"ix":8},"a":{"a":0,"k":100,"ix":4},"b":1,"rn":0,"sh":3,"o":{"a":1,"k":[{"i":{"x":[0.833],"y":[0.833]},"o":{"x":[0.167],"y":[0.167]},"t":45,"s":[-100]},{"t":75.0000030548126,"s":[50]}],"ix":3},"r":1},"a":{"p":{"a":0,"k":[0,60,0],"ix":2}}},{"nm":"position 3","s":{"t":0,"xe":{"a":0,"k":50,"ix":7},"ne":{"a":0,"k":50,"ix":8},"a":{"a":0,"k":100,"ix":4},"b":1,"rn":0,"sh":3,"o":{"a":1,"k":[{"i":{"x":[0.833],"y":[0.833]},"o":{"x":[0.167],"y":[0.167]},"t":50,"s":[-100]},{"t":80.0000032584668,"s":[100]}],"ix":3},"r":1},"a":{"p":{"a":0,"k":[0,100,0],"ix":2}}}]},"ip":40.0000016292334,"op":80.0000032584668,"st":-53.0000021587343,"bm":0},{"ddd":0,"ind":3,"ty":5,"nm":"Please Wait...","parent":1,"sr":1,"ks":{"o":{"a":0,"k":100,"ix":11},"r":{"a":0,"k":0,"ix":10},"p":{"a":0,"k":[-0.5,-11,0],"ix":2,"l":2},"a":{"a":0,"k":[0.148,-81.173,0],"ix":1,"l":2},"s":{"a":0,"k":[100,100,100],"ix":6,"l":2}},"ao":0,"t":{"d":{"k":[{"s":{"s":211,"f":"Canela-Thin","t":"Please Wait...","ca":0,"j":2,"tr":0,"lh":253.2,"ls":0,"fc":[0,0,0]},"t":0}]},"p":{},"m":{"g":1,"a":{"a":0,"k":[0,0],"ix":2}},"a":[{"nm":"position 1","s":{"t":0,"xe":{"a":0,"k":100,"ix":7},"ne":{"a":0,"k":0,"ix":8},"a":{"a":0,"k":100,"ix":4},"b":1,"rn":0,"sh":3,"o":{"a":1,"k":[{"i":{"x":[0.833],"y":[0.833]},"o":{"x":[0.167],"y":[0.167]},"t":0,"s":[-100]},{"t":30.0000012219251,"s":[50]}],"ix":3},"r":1},"a":{"p":{"a":0,"k":[0,-160,0],"ix":2}}},{"nm":"position 2","s":{"t":0,"xe":{"a":0,"k":50,"ix":7},"ne":{"a":0,"k":50,"ix":8},"a":{"a":0,"k":100,"ix":4},"b":1,"rn":0,"sh":3,"o":{"a":1,"k":[{"i":{"x":[0.833],"y":[0.833]},"o":{"x":[0.167],"y":[0.167]},"t":5,"s":[-100]},{"t":35.0000014255792,"s":[50]}],"ix":3},"r":1},"a":{"p":{"a":0,"k":[0,60,0],"ix":2}}},{"nm":"position 3","s":{"t":0,"xe":{"a":0,"k":50,"ix":7},"ne":{"a":0,"k":50,"ix":8},"a":{"a":0,"k":100,"ix":4},"b":1,"rn":0,"sh":3,"o":{"a":1,"k":[{"i":{"x":[0.833],"y":[0.833]},"o":{"x":[0.167],"y":[0.167]},"t":10,"s":[-100]},{"t":40.0000016292334,"s":[100]}],"ix":3},"r":1},"a":{"p":{"a":0,"k":[0,100,0],"ix":2}}}]},"ip":0,"op":40.0000016292334,"st":-93.0000037879676,"bm":0}],"markers":[],"chars":[{"ch":"P","size":211,"style":"Thin","w":54.7,"data":{"shapes":[{"ty":"gr","it":[{"ind":0,"ty":"sh","ix":1,"ks":{"a":0,"k":{"i":[[3.223,-4.33],[0,0],[0,0],[0,0],[0,5.74],[0,0],[0,0],[0,13.495],[18.027,0],[0,0],[0,0],[0,-5.74],[0,0]],"o":[[0,0],[0,0],[0,0],[-3.223,-4.33],[0,0],[0,0],[15.912,0],[0,-10.574],[0,0],[0,0],[3.223,4.33],[0,0],[0,5.74]],"v":[[5.237,-0.201],[5.237,0],[18.732,0],[18.732,-0.201],[14.703,-12.488],[14.703,-31.219],[28.299,-31.219],[53.073,-53.778],[29.709,-73.718],[5.237,-73.718],[5.237,-73.517],[9.265,-61.23],[9.265,-12.488]],"c":true},"ix":2},"nm":"P","mn":"ADBE Vector Shape - Group","hd":false},{"ind":1,"ty":"sh","ix":2,"ks":{"a":0,"k":{"i":[[-2.921,0],[0,-14.905],[13.596,0],[0,0],[0,0]],"o":[[10.172,0],[0,12.085],[0,0],[0,0],[6.949,-0.302]],"v":[[28.299,-71.704],[47.433,-53.778],[28.198,-33.234],[14.703,-33.234],[14.703,-71.402]],"c":true},"ix":2},"nm":"P","mn":"ADBE Vector Shape - Group","hd":false}],"nm":"P","np":5,"cix":2,"bm":0,"ix":1,"mn":"ADBE Vector Group","hd":false}]},"fFamily":"Canela"},{"ch":"l","size":211,"style":"Thin","w":19.2,"data":{"shapes":[{"ty":"gr","it":[{"ind":0,"ty":"sh","ix":1,"ks":{"a":0,"k":{"i":[[1.913,-3.525],[0,0],[0,0],[0,0],[0,5.237],[0,0],[0,0],[0,0],[0,-3.223],[0,0]],"o":[[0,0],[0,0],[0,0],[-2.115,-3.525],[0,0],[0,0],[0,0],[2.316,1.208],[0,0],[0,5.237]],"v":[[5.438,-0.201],[5.438,0],[14.905,0],[14.905,-0.201],[12.689,-12.085],[12.689,-78.452],[3.223,-74.222],[3.223,-74.02],[7.654,-67.776],[7.654,-11.984]],"c":true},"ix":2},"nm":"l","mn":"ADBE Vector Shape - Group","hd":false}],"nm":"l","np":3,"cix":2,"bm":0,"ix":1,"mn":"ADBE Vector Group","hd":false}]},"fFamily":"Canela"},{"ch":"e","size":211,"style":"Thin","w":47.3,"data":{"shapes":[{"ty":"gr","it":[{"ind":0,"ty":"sh","ix":1,"ks":{"a":0,"k":{"i":[[-8.459,0],[0,-10.172],[0,0],[0,0]],"o":[[7.654,0],[0,0],[0,0],[1.712,-10.172]],"v":[[26.184,-47.534],[37.967,-32.73],[37.967,-32.126],[10.071,-31.522]],"c":true},"ix":2},"nm":"e","mn":"ADBE Vector Shape - Group","hd":false},{"ind":1,"ty":"sh","ix":2,"ks":{"a":0,"k":{"i":[[-2.518,7.654],[0,0],[6.345,0],[0,12.891],[-0.201,1.41],[0,0],[11.481,0],[0,-15.811],[-12.991,0]],"o":[[0,0],[-3.525,5.74],[-11.984,0],[0,-1.712],[0,0],[0.806,-9.97],[-12.085,0],[0,14.804],[9.366,0]],"v":[[44.614,-11.179],[44.11,-11.38],[27.493,-3.122],[9.567,-25.378],[9.869,-30.011],[44.312,-30.011],[26.486,-49.347],[4.028,-23.163],[25.681,1.511]],"c":true},"ix":2},"nm":"e","mn":"ADBE Vector Shape - Group","hd":false}],"nm":"e","np":5,"cix":2,"bm":0,"ix":1,"mn":"ADBE Vector Group","hd":false}]},"fFamily":"Canela"},{"ch":"a","size":211,"style":"Thin","w":46.4,"data":{"shapes":[{"ty":"gr","it":[{"ind":0,"ty":"sh","ix":1,"ks":{"a":0,"k":{"i":[[5.539,0],[0,4.733],[-10.876,1.309],[0,0]],"o":[[-6.345,0],[0,-9.265],[0,0],[-2.82,2.82]],"v":[[18.127,-2.115],[9.064,-10.172],[31.622,-25.177],[31.622,-7.352]],"c":true},"ix":2},"nm":"a","mn":"ADBE Vector Shape - Group","hd":false},{"ind":1,"ty":"sh","ix":2,"ks":{"a":0,"k":{"i":[[-4.33,0],[-0.806,2.115],[0,0],[2.316,0],[0,2.719],[0,0],[11.179,0],[4.028,-4.028],[0,0],[-5.539,0],[0,-5.338],[0,0],[0,-11.783],[-7.15,0],[-3.525,3.726]],"o":[[4.834,0],[0,0],[-1.108,1.108],[-2.719,0],[0,0],[0,-6.445],[-7.352,0],[0,0],[3.525,-2.417],[8.862,0],[0,0],[-11.481,1.108],[0,6.445],[6.546,0],[0.101,3.928]],"v":[[38.068,1.208],[45.721,-4.532],[45.419,-4.733],[40.585,-2.316],[36.658,-6.647],[36.658,-37.061],[23.163,-49.347],[5.64,-42.599],[6.143,-41.895],[20.242,-46.326],[31.622,-36.053],[31.622,-26.788],[3.928,-8.762],[15.71,1.511],[31.622,-5.64]],"c":true},"ix":2},"nm":"a","mn":"ADBE Vector Shape - Group","hd":false}],"nm":"a","np":5,"cix":2,"bm":0,"ix":1,"mn":"ADBE Vector Group","hd":false}]},"fFamily":"Canela"},{"ch":"s","size":211,"style":"Thin","w":37,"data":{"shapes":[{"ty":"gr","it":[{"ind":0,"ty":"sh","ix":1,"ks":{"a":0,"k":{"i":[[0,0],[0,0],[4.129,0],[0,-9.366],[-6.747,-2.417],[0,-6.647],[8.057,0],[3.323,8.057],[0,0],[0,0],[-6.445,0],[0,8.459],[6.949,2.719],[0,6.345],[-6.345,0],[-3.726,-7.251]],"o":[[0,0],[-2.719,-1.108],[-8.157,0],[0,8.661],[6.647,2.417],[0,5.64],[-7.15,0],[0,0],[0,0],[2.719,1.309],[11.682,0],[0,-9.265],[-7.05,-2.719],[0,-5.338],[4.935,0],[0,0]],"v":[[32.529,-38.571],[31.522,-47.534],[20.645,-49.347],[4.028,-36.758],[18.43,-22.357],[31.119,-10.574],[18.933,-0.302],[4.028,-11.884],[3.223,-11.682],[4.23,-1.41],[17.523,1.511],[35.248,-12.286],[20.947,-27.594],[8.157,-38.672],[18.933,-47.534],[31.723,-38.37]],"c":true},"ix":2},"nm":"s","mn":"ADBE Vector Shape - Group","hd":false}],"nm":"s","np":3,"cix":2,"bm":0,"ix":1,"mn":"ADBE Vector Group","hd":false}]},"fFamily":"Canela"},{"ch":" ","size":211,"style":"Thin","w":15.5,"data":{},"fFamily":"Canela"},{"ch":"W","size":211,"style":"Thin","w":94.9,"data":{"shapes":[{"ty":"gr","it":[{"ind":0,"ty":"sh","ix":1,"ks":{"a":0,"k":{"i":[[0,0],[0,0],[0,0],[0,0],[0,0],[0,0],[-4.733,3.424],[0,0],[0,0],[0,0],[2.216,-8.157],[0,0],[0,0],[-1.611,1.611],[0,0],[0,0],[0,0],[0,0],[-2.417,-6.747],[0,0],[0,0],[0,0],[-1.208,1.712],[0,0],[0,0],[0,0],[-2.115,-6.747]],"o":[[0,0],[0,0],[0,0],[0,0],[0,0],[2.417,-8.057],[0,0],[0,0],[0,0],[1.813,2.316],[0,0],[0,0],[-1.813,-5.338],[0,0],[0,0],[0,0],[0,0],[3.424,2.518],[0,0],[0,0],[0,0],[-2.216,-6.747],[0,0],[0,0],[0,0],[3.323,2.518],[0,0]],"v":[[25.882,0.906],[28.601,0.906],[47.232,-52.469],[65.359,0.906],[68.079,0.906],[85.904,-58.914],[94.565,-73.517],[94.565,-73.718],[81.171,-73.718],[81.171,-73.517],[83.487,-58.914],[68.28,-7.553],[49.548,-62.238],[50.455,-72.006],[51.965,-73.517],[51.965,-73.718],[37.161,-73.718],[37.161,-73.517],[43.808,-62.439],[46.024,-55.994],[28.903,-8.057],[12.79,-62.238],[15.005,-73.517],[15.005,-73.718],[1.007,-73.718],[1.007,-73.517],[6.949,-62.439]],"c":true},"ix":2},"nm":"W","mn":"ADBE Vector Shape - Group","hd":false}],"nm":"W","np":3,"cix":2,"bm":0,"ix":1,"mn":"ADBE Vector Group","hd":false}]},"fFamily":"Canela"},{"ch":"i","size":211,"style":"Thin","w":19.2,"data":{"shapes":[{"ty":"gr","it":[{"ind":0,"ty":"sh","ix":1,"ks":{"a":0,"k":{"i":[[0,2.316],[2.316,0],[0,-2.316],[-2.316,0]],"o":[[0,-2.316],[-2.316,0],[0,2.316],[2.316,0]],"v":[[13.998,-66.367],[9.869,-70.496],[5.74,-66.367],[9.869,-62.238]],"c":true},"ix":2},"nm":"i","mn":"ADBE Vector Shape - Group","hd":false},{"ind":1,"ty":"sh","ix":2,"ks":{"a":0,"k":{"i":[[1.913,-3.525],[0,0],[0,0],[0,0],[0,5.338],[0,0],[0,0],[0,0],[0,-3.726],[0,0]],"o":[[0,0],[0,0],[0,0],[-2.115,-3.525],[0,0],[0,0],[0,0],[2.316,1.511],[0,0],[0,5.237]],"v":[[5.438,-0.201],[5.438,0],[14.905,0],[14.905,-0.201],[12.689,-12.085],[12.689,-49.85],[3.223,-44.614],[3.223,-44.412],[7.654,-36.96],[7.654,-11.984]],"c":true},"ix":2},"nm":"i","mn":"ADBE Vector Shape - Group","hd":false}],"nm":"i","np":5,"cix":2,"bm":0,"ix":1,"mn":"ADBE Vector Group","hd":false}]},"fFamily":"Canela"},{"ch":"t","size":211,"style":"Thin","w":29.9,"data":{"shapes":[{"ty":"gr","it":[{"ind":0,"ty":"sh","ix":1,"ks":{"a":0,"k":{"i":[[-4.733,0],[-1.41,1.41],[0,0],[3.625,0],[0,5.136],[0,0],[0,0],[0,0],[0,0],[0,0],[0,0],[0,0],[0,0],[0,0],[0,0]],"o":[[5.74,0],[0,0],[-1.511,0.806],[-5.136,0],[0,0],[0,0],[0,0],[0,0],[0,0],[0,0],[0,0],[0,0],[0,0],[0,0],[0,8.661]],"v":[[18.631,1.511],[29.608,-3.323],[29.407,-3.726],[20.947,-1.611],[13.596,-9.366],[13.596,-46.024],[28.5,-46.024],[28.5,-47.836],[13.596,-47.836],[13.596,-55.188],[13.394,-55.188],[3.122,-46.225],[3.122,-46.024],[8.56,-46.024],[8.56,-9.567]],"c":true},"ix":2},"nm":"t","mn":"ADBE Vector Shape - Group","hd":false}],"nm":"t","np":3,"cix":2,"bm":0,"ix":1,"mn":"ADBE Vector Group","hd":false}]},"fFamily":"Canela"},{"ch":".","size":211,"style":"Thin","w":19.8,"data":{"shapes":[{"ty":"gr","it":[{"ind":0,"ty":"sh","ix":1,"ks":{"a":0,"k":{"i":[[-2.518,0],[0,2.719],[2.719,0],[0,-2.719]],"o":[[2.719,0],[0,-2.719],[-2.518,0],[0,2.719]],"v":[[9.97,0.302],[14.703,-4.431],[9.97,-9.164],[5.237,-4.431]],"c":true},"ix":2},"nm":".","mn":"ADBE Vector Shape - Group","hd":false}],"nm":".","np":3,"cix":2,"bm":0,"ix":1,"mn":"ADBE Vector Group","hd":false}]},"fFamily":"Canela"}]}